CATEGORY_ID,CREATEDAT,CREATEDBY,CURRENCY_CODE,PRICE,IDENTIFIER,IMAGE,ISPREFERRED,MODIFIEDAT,MODIFIEDBY,NAME,RATING,RELATEDPRODUCT_ID,THUMBNAILIMAGE,ID
8ee07143-c75a-3711-b003-4f12a105b707,2018-01-01T00:00:00Z,generator,USD,2.65,MC-CM-1003,http://cap-sample-media-optimistic-mouse-ad.cfapps.eu10.hana.ondemand.com/images/23013946.jpg,0,2018-01-01T00:00:00Z,generator,Tea- / Coffee-Mug,3.3,9d827d19-48b2-3f54-8603-699ccec0cb80,http://cap-sample-media-optimistic-mouse-ad.cfapps.eu10.hana.ondemand.com/images/thumb-23013946.jpg,844ede5c-071e-34ed-907f-f99cb3a4693d
95d690fa-af21-3984-928f-8b85ed59e275,2018-01-01T00:00:00Z,generator,USD,4.1,EP-BB-1000,http://cap-sample-media-optimistic-mouse-ad.cfapps.eu10.hana.ondemand.com/images/88126681.jpg,0,2018-01-01T00:00:00Z,generator,Removal Storage Box,2.8,05950140-8017-30c2-9b84-403f435089af,http://cap-sample-media-optimistic-mouse-ad.cfapps.eu10.hana.ondemand.com/images/thumb-88126681.jpg,87b45be6-7494-3303-affb-79bcebc8f2cf
187fcfcd-f4d2-391a-99ac-26f60fad30c2,2018-01-01T00:00:00Z,generator,USD,1.99,DE-PPM-1005,http://cap-sample-media-optimistic-mouse-ad.cfapps.eu10.hana.ondemand.com/images/122701681.jpg,0,2018-01-01T00:00:00Z,generator,Plastic Covered Magnets - 25mm - Assorted - Pack of 8,3.5,21a810fb-8de9-3d0f-b3ce-feaea1b92ec0,http://cap-sample-media-optimistic-mouse-ad.cfapps.eu10.hana.ondemand.com/images/thumb-122701681.jpg,888e3908-1113-37f5-98ba-0d261656d1d5
619b0673-7b65-3829-993b-261d5a96ba13,2018-01-01T00:00:00Z,generator,USD,1.89,WD-MP-1001,http://cap-sample-media-optimistic-mouse-ad.cfapps.eu10.hana.ondemand.com/images/217351165.jpg,0,2018-01-01T00:00:00Z,generator,Marker Pen - Yellow,2.5,78388760-d4cf-3af0-a050-66dfed9feb12,http://cap-sample-media-optimistic-mouse-ad.cfapps.eu10.hana.ondemand.com/images/thumb-217351165.jpg,8a5013c2-645d-3574-abf0-433403350ccb
b12e37d7-1c27-3358-bf23-0fca1b68f6ae,2018-01-01T00:00:00Z,generator,USD,12.2,MP-W-1001,http://cap-sample-media-optimistic-mouse-ad.cfapps.eu10.hana.ondemand.com/images/192734246.jpg,0,2018-01-01T00:00:00Z,generator,Executive Wooden Whiteboard Eraser,1.2,da39d499-300e-3105-9350-5b0f6c973bab,http://cap-sample-media-optimistic-mouse-ad.cfapps.eu10.hana.ondemand.com/images/thumb-192734246.jpg,8baa650c-2a90-3bd8-adaa-fc01d7092485
2b5c0a35-c5fa-3370-ade3-2afc02a5a038,2018-01-01T00:00:00Z,generator,USD,12.45,EP-E-1000,http://cap-sample-media-optimistic-mouse-ad.cfapps.eu10.hana.ondemand.com/images/461147683.jpg,1,2018-01-01T00:00:00Z,generator,Business Envelope - Box of 250,4.2,f0a185ea-b872-3c44-85c6-85d5c24c284c,http://cap-sample-media-optimistic-mouse-ad.cfapps.eu10.hana.ondemand.com/images/thumb-461147683.jpg,8de45b9c-02ee-36b0-b495-79b72daddcb2
0f2abdf9-4404-38c0-9913-41bd34a9dcb6,2018-01-01T00:00:00Z,generator,USD,9.89,DE-SH-1000,http://cap-sample-media-optimistic-mouse-ad.cfapps.eu10.hana.ondemand.com/images/78933673.jpg,0,2018-01-01T00:00:00Z,generator,Office Hole Punch - Black,4.4,2b44f942-d111-33a7-bb1c-2c3f9a35da52,http://cap-sample-media-optimistic-mouse-ad.cfapps.eu10.hana.ondemand.com/images/thumb-78933673.jpg,906f6f03-a8d0-3050-92a0-06eca6ae8afc
20e49be1-99f5-30b8-b566-43beeccb618b,2018-01-01T00:00:00Z,generator,USD,4.45,AR-FB-1009,https://img.zcool.cn/community/0143c35e63b0bca8012165184e1e61.jpg@1280w_1l_2o_100sh.jpg,0,2018-01-01T00:00:00Z,generator,Plastic Box File - Blue,1.3,6eaf313c-8c07-3a55-872f-acf0bf61cdd0,https://img.zcool.cn/community/0143c35e63b0bca8012165184e1e61.jpg@1280w_1l_2o_100sh.jpg,90a8763d-d914-350f-8487-17f842e562a5
3114946a-4f46-3abb-a3c5-d9cb02b3ae7b,2018-01-01T00:00:00Z,generator,USD,3.99,AR-T-1008,http://cap-sample-media-optimistic-mouse-ad.cfapps.eu10.hana.ondemand.com/images/71669227.jpg,0,2018-01-01T00:00:00Z,generator,Large Capacity Magazine File - Blue,1.4,bafb1952-8c02-3f77-972a-5d5258a98e58,http://cap-sample-media-optimistic-mouse-ad.cfapps.eu10.hana.ondemand.com/images/thumb-71669227.jpg,942d3f75-04ec-323b-9308-dc0d7dc2d331
7f92197d-088b-366f-8cba-da9297ba2375,2018-01-01T00:00:00Z,generator,USD,21.95,OF-DL-1003,http://cap-sample-media-optimistic-mouse-ad.cfapps.eu10.hana.ondemand.com/images/237796402.jpg,0,2018-01-01T00:00:00Z,generator,Energy saving LED light bulb - Pack of 4,4.2,e2bb93ac-f533-3a8b-a768-a2187c5e3ba3,http://cap-sample-media-optimistic-mouse-ad.cfapps.eu10.hana.ondemand.com/images/thumb-237796402.jpg,9448ad48-adec-3944-8209-cf17c5ed949c
e17c04b6-f9fb-38eb-8f2c-1653850759a3,2018-01-01T00:00:00Z,generator,USD,5.3,DE-SK-1004,http://cap-sample-media-optimistic-mouse-ad.cfapps.eu10.hana.ondemand.com/images/55638754.jpg,0,2018-01-01T00:00:00Z,generator,Premium Scissors - Set of 3 - Assorted,1,cb2609a4-daff-3762-87df-45a3db84b361,http://cap-sample-media-optimistic-mouse-ad.cfapps.eu10.hana.ondemand.com/images/thumb-55638754.jpg,94a45f55-bf51-3a49-b733-2b8f332bace2
20e49be1-99f5-30b8-b566-43beeccb618b,2018-01-01T00:00:00Z,generator,USD,2.85,AR-FB-1011,http://cap-sample-media-optimistic-mouse-ad.cfapps.eu10.hana.ondemand.com/images/6086014.jpg,1,2018-01-01T00:00:00Z,generator,Elasticated Folder Without Flap - Yellow,2.7,5c2b6bd1-5335-38f3-a1d5-5bc8ab68fc15,http://cap-sample-media-optimistic-mouse-ad.cfapps.eu10.hana.ondemand.com/images/thumb-6086014.jpg,96768966-4b5b-3ff7-901f-fa79a04dce10
ae790495-d735-34b9-8e8e-8faf25b31edf,2018-01-01T00:00:00Z,generator,USD,3.45,PP-NB-1004,http://cap-sample-media-optimistic-mouse-ad.cfapps.eu10.hana.ondemand.com/images/47118280.jpg,0,2018-01-01T00:00:00Z,generator,Wirebound Notebook - Squared - 80 Sheets,3.9,24d62ed3-5007-3f76-a631-4d1983f9efcd,http://cap-sample-media-optimistic-mouse-ad.cfapps.eu10.hana.ondemand.com/images/thumb-47118280.jpg,97c0d6bd-62f9-3e8e-bb4e-35212a926d7e
1e86ebdf-456f-3f43-8d48-0f8a12e8f346,2018-01-01T00:00:00Z,generator,USD,5.9,PP-CP-1013,http://cap-sample-media-optimistic-mouse-ad.cfapps.eu10.hana.ondemand.com/images/152550938.jpg,0,2018-01-01T00:00:00Z,generator,Printer Paper - Intense Red - 250 Sheets,5,46ca6be8-6071-3a2e-a75d-b3eb058f8326,http://cap-sample-media-optimistic-mouse-ad.cfapps.eu10.hana.ondemand.com/images/thumb-152550938.jpg,9bcfbcac-e4ce-31ed-8fd9-8a898e67d4ee
8ee07143-c75a-3711-b003-4f12a105b707,2018-01-01T00:00:00Z,generator,USD,2.65,MC-CM-1002,http://cap-sample-media-optimistic-mouse-ad.cfapps.eu10.hana.ondemand.com/images/25494832.jpg,1,2018-01-01T00:00:00Z,generator,Tea- / Coffee-Mug,3.3,844ede5c-071e-34ed-907f-f99cb3a4693d,http://cap-sample-media-optimistic-mouse-ad.cfapps.eu10.hana.ondemand.com/images/thumb-25494832.jpg,9d827d19-48b2-3f54-8603-699ccec0cb80
1e86ebdf-456f-3f43-8d48-0f8a12e8f346,2018-01-01T00:00:00Z,generator,USD,5.9,PP-CP-1008,http://cap-sample-media-optimistic-mouse-ad.cfapps.eu10.hana.ondemand.com/images/152550938.jpg,0,2018-01-01T00:00:00Z,generator,Printer Paper - Intense Blue - 250 Sheets,3.6,46ca6be8-6071-3a2e-a75d-b3eb058f8326,http://cap-sample-media-optimistic-mouse-ad.cfapps.eu10.hana.ondemand.com/images/thumb-152550938.jpg,9dfb704b-297f-3d6e-8ead-bac054fa0f6a
e56f4410-5c74-30f2-b2d7-c6e2ceb156a4,2018-01-01T00:00:00Z,generator,USD,8.9,WD-PC-1004,http://cap-sample-media-optimistic-mouse-ad.cfapps.eu10.hana.ondemand.com/images/197379701.jpg,0,2018-01-01T00:00:00Z,generator,Colour Pencils - Assorted - Pack of 24,2.2,405c6650-b1ee-3a18-9dec-f770189b0423,http://cap-sample-media-optimistic-mouse-ad.cfapps.eu10.hana.ondemand.com/images/thumb-197379701.jpg,9edb589d-960a-3d40-b39b-2b69cb140c6b
0f2abdf9-4404-38c0-9913-41bd34a9dcb6,2018-01-01T00:00:00Z,generator,USD,14.99,DE-SH-1003,http://cap-sample-media-optimistic-mouse-ad.cfapps.eu10.hana.ondemand.com/images/234515470.jpg,0,2018-01-01T00:00:00Z,generator,Heavy Duty Stapler - Black,4.5,f16dde2b-93f0-3703-8f8c-ec8015239c20,http://cap-sample-media-optimistic-mouse-ad.cfapps.eu10.hana.ondemand.com/images/thumb-234515470.jpg,9f358e1b-59e7-3b69-baa5-cf1ae5f358df
102bfc76-dfd3-3aba-8014-078377c6d190,2018-01-01T00:00:00Z,generator,USD,3.49,EP-BT-1001,http://cap-sample-media-optimistic-mouse-ad.cfapps.eu10.hana.ondemand.com/images/125282816.jpg,1,2018-01-01T00:00:00Z,generator,Assorted Colours Rubber Band - Bag of 870,,,http://cap-sample-media-optimistic-mouse-ad.cfapps.eu10.hana.ondemand.com/images/thumb-125282816.jpg,9fa99e0f-64ae-3e7d-b925-dbeec0a4b226
1e86ebdf-456f-3f43-8d48-0f8a12e8f346,2018-01-01T00:00:00Z,generator,USD,6.89,PP-CP-1003,http://cap-sample-media-optimistic-mouse-ad.cfapps.eu10.hana.ondemand.com/images/171074102.jpg,0,2018-01-01T00:00:00Z,generator,Premium Printer Paper - Assorted - 250 sheet,3.4,02e77154-c39b-3fd3-89aa-8e138732bd51,http://cap-sample-media-optimistic-mouse-ad.cfapps.eu10.hana.ondemand.com/images/thumb-171074102.jpg,a0c59c7a-6504-3283-8271-be865784f31e
c7e823a1-9319-3fd4-88fe-68c9a7c6cfb8,2018-01-01T00:00:00Z,generator,USD,19.25,WD-BP-1003,http://cap-sample-media-optimistic-mouse-ad.cfapps.eu10.hana.ondemand.com/images/18079237.jpg,0,2018-01-01T00:00:00Z,generator,Gelstick Rollerball Pens - Assorted - Pack of 12,1,68d1a9e0-0d96-3285-8443-c17a8e528c3b,http://cap-sample-media-optimistic-mouse-ad.cfapps.eu10.hana.ondemand.com/images/thumb-18079237.jpg,a19a313e-b6fd-3e88-a192-0a1bd5ba0453
3114946a-4f46-3abb-a3c5-d9cb02b3ae7b,2018-01-01T00:00:00Z,generator,USD,4.45,AR-T-1007,http://cap-sample-media-optimistic-mouse-ad.cfapps.eu10.hana.ondemand.com/images/115723648.jpg,0,2018-01-01T00:00:00Z,generator,Plastic Magazine File - Green,2.8,03b5f282-9d96-3474-bb48-0036723ca7b7,http://cap-sample-media-optimistic-mouse-ad.cfapps.eu10.hana.ondemand.com/images/thumb-115723648.jpg,a299b598-bce2-3fcc-8017-e1f54a6d9dce
718b94d3-96d5-37e8-b099-e76ccd25fa5c,2018-01-01T00:00:00Z,generator,USD,15.99,MC-B-1003,http://cap-sample-media-optimistic-mouse-ad.cfapps.eu10.hana.ondemand.com/images/47814889.jpg,0,2018-01-01T00:00:00Z,generator,Universal Charger Plug,2.3,a331db13-5168-3374-a427-be4cd11be071,http://cap-sample-media-optimistic-mouse-ad.cfapps.eu10.hana.ondemand.com/images/thumb-47814889.jpg,a2d9963d-ed92-3307-ab1d-403855e7fec9
718b94d3-96d5-37e8-b099-e76ccd25fa5c,2018-01-01T00:00:00Z,generator,USD,8.75,MC-B-1004,http://cap-sample-media-optimistic-mouse-ad.cfapps.eu10.hana.ondemand.com/images/258294665.jpg,0,2018-01-01T00:00:00Z,generator,Rechargeable AA-Batteries - Pack of 4,3.9,eb70ee2b-a402-39e1-8992-932090754f06,http://cap-sample-media-optimistic-mouse-ad.cfapps.eu10.hana.ondemand.com/images/thumb-258294665.jpg,a331db13-5168-3374-a427-be4cd11be071
0f2abdf9-4404-38c0-9913-41bd34a9dcb6,2018-01-01T00:00:00Z,generator,USD,0.99,DE-SH-1005,http://cap-sample-media-optimistic-mouse-ad.cfapps.eu10.hana.ondemand.com/images/80183395.jpg,1,2018-01-01T00:00:00Z,generator,Staple Remover,3.5,,http://cap-sample-media-optimistic-mouse-ad.cfapps.eu10.hana.ondemand.com/images/thumb-80183395.jpg,a35b1d64-54eb-3dc6-a0e4-6913633b805a
7b915d47-b6c0-3ab8-9811-b833574e2760,2018-01-01T00:00:00Z,generator,USD,6.49,MC-CH-1003,http://cap-sample-media-optimistic-mouse-ad.cfapps.eu10.hana.ondemand.com/images/253184278.jpg,0,2018-01-01T00:00:00Z,generator,Designer Coat Hooks - Pack of 3,,37f028f0-1dd5-30ae-9cdd-a7f543e4d61d,http://cap-sample-media-optimistic-mouse-ad.cfapps.eu10.hana.ondemand.com/images/thumb-253184278.jpg,a376e380-00e8-3d90-ba9f-c332c2df0f28
187fcfcd-f4d2-391a-99ac-26f60fad30c2,2018-01-01T00:00:00Z,generator,USD,2.1,DE-PPM-1001,http://cap-sample-media-optimistic-mouse-ad.cfapps.eu10.hana.ondemand.com/images/644283637.jpg,0,2018-01-01T00:00:00Z,generator,Wire Paper Clips 50mm - Silver - Pack of 100,2.2,888e3908-1113-37f5-98ba-0d261656d1d5,http://cap-sample-media-optimistic-mouse-ad.cfapps.eu10.hana.ondemand.com/images/thumb-644283637.jpg,a518c3a8-af8b-3877-819a-9392782d0c20
4c9a6118-fe4f-30f6-8cd5-c66051198341,2018-01-01T00:00:00Z,generator,USD,19.99,MP-M-1001,http://cap-sample-media-optimistic-mouse-ad.cfapps.eu10.hana.ondemand.com/images/94708309.jpg,0,2018-01-01T00:00:00Z,generator,Clipboard - Assorted - Pack of 4,2.8,ae4f9d81-77d7-35e8-b886-8a981e6f538f,http://cap-sample-media-optimistic-mouse-ad.cfapps.eu10.hana.ondemand.com/images/thumb-94708309.jpg,a5941b81-5a6c-3ad0-81bf-06d50851ea8a
7b915d47-b6c0-3ab8-9811-b833574e2760,2018-01-01T00:00:00Z,generator,USD,21.73,MC-CH-1001,http://cap-sample-media-optimistic-mouse-ad.cfapps.eu10.hana.ondemand.com/images/260630828.jpg,0,2018-01-01T00:00:00Z,generator,Coat Hangers,3.4,a376e380-00e8-3d90-ba9f-c332c2df0f28,http://cap-sample-media-optimistic-mouse-ad.cfapps.eu10.hana.ondemand.com/images/thumb-260630828.jpg,a6756d40-792e-34c9-8b2e-df3acb0c54b4
102bfc76-dfd3-3aba-8014-078377c6d190,2018-01-01T00:00:00Z,generator,USD,11.35,EP-BT-1003,http://cap-sample-media-optimistic-mouse-ad.cfapps.eu10.hana.ondemand.com/images/55513723.jpg,0,2018-01-01T00:00:00Z,generator,Strong Industrial Rope - 100m,3,d2d8edbc-ec5d-3e47-ac4c-6b2df0a32c9f,http://cap-sample-media-optimistic-mouse-ad.cfapps.eu10.hana.ondemand.com/images/thumb-55513723.jpg,a8469b8d-80ae-36b6-b6bd-8fe5d34dc381
4c9a6118-fe4f-30f6-8cd5-c66051198341,2018-01-01T00:00:00Z,generator,USD,36.3,MP-M-1002,http://cap-sample-media-optimistic-mouse-ad.cfapps.eu10.hana.ondemand.com/images/136640195.jpg,0,2018-01-01T00:00:00Z,generator,Security Badge Holder and Reel - Pack of 10,3.1,53a96f20-71e0-3122-9820-fed4658aaa3d,http://cap-sample-media-optimistic-mouse-ad.cfapps.eu10.hana.ondemand.com/images/thumb-136640195.jpg,a879e1b2-64d6-3545-8f62-932bf0009aae
1e86ebdf-456f-3f43-8d48-0f8a12e8f346,2018-01-01T00:00:00Z,generator,USD,5.9,PP-CP-1011,http://cap-sample-media-optimistic-mouse-ad.cfapps.eu10.hana.ondemand.com/images/152550938.jpg,0,2018-01-01T00:00:00Z,generator,Printer Paper - Pink - 250 Sheets,3.8,46ca6be8-6071-3a2e-a75d-b3eb058f8326,http://cap-sample-media-optimistic-mouse-ad.cfapps.eu10.hana.ondemand.com/images/thumb-152550938.jpg,a9c4b7cb-c39a-3f91-bf5f-3e654e8ba857
619b0673-7b65-3829-993b-261d5a96ba13,2018-01-01T00:00:00Z,generator,USD,1.89,WD-MP-1000,http://cap-sample-media-optimistic-mouse-ad.cfapps.eu10.hana.ondemand.com/images/217351162.jpg,0,2018-01-01T00:00:00Z,generator,Highlighter - Pink,2.9,78388760-d4cf-3af0-a050-66dfed9feb12,http://cap-sample-media-optimistic-mouse-ad.cfapps.eu10.hana.ondemand.com/images/thumb-217351162.jpg,aa4074a6-facd-3f53-8c47-994fb02e1ecd
3114946a-4f46-3abb-a3c5-d9cb02b3ae7b,2018-01-01T00:00:00Z,generator,USD,3.2,AR-T-1004,http://cap-sample-media-optimistic-mouse-ad.cfapps.eu10.hana.ondemand.com/images/106425146.jpg,1,2018-01-01T00:00:00Z,generator,Paper Tray - Black,2.5,,http://cap-sample-media-optimistic-mouse-ad.cfapps.eu10.hana.ondemand.com/images/thumb-106425146.jpg,ab0a547c-4653-3bb3-ae93-7713f64f7801
1e86ebdf-456f-3f43-8d48-0f8a12e8f346,2018-01-01T00:00:00Z,generator,USD,5.9,PP-CP-1006,http://cap-sample-media-optimistic-mouse-ad.cfapps.eu10.hana.ondemand.com/images/152550938.jpg,1,2018-01-01T00:00:00Z,generator,Printer Paper - Light Green - 250 Sheets,3.8,46ca6be8-6071-3a2e-a75d-b3eb058f8326,http://cap-sample-media-optimistic-mouse-ad.cfapps.eu10.hana.ondemand.com/images/thumb-152550938.jpg,adc56781-fd97-3d5f-835d-21237e23daa2
16af465c-aa59-34e2-96c8-70cd6af72cb5,2018-01-01T00:00:00Z,generator,USD,9.9,PP-SN-1000,http://cap-sample-media-optimistic-mouse-ad.cfapps.eu10.hana.ondemand.com/images/126016010.jpg,0,2018-01-01T00:00:00Z,generator,Sticky Notes - Assorted - Pack of 8,3.4,d75405ab-dc5f-342d-b2c4-d7fb363b87e2,http://cap-sample-media-optimistic-mouse-ad.cfapps.eu10.hana.ondemand.com/images/thumb-126016010.jpg,ae2a6152-3a60-34a5-a449-319b1be2e733
4c9a6118-fe4f-30f6-8cd5-c66051198341,2018-01-01T00:00:00Z,generator,USD,5.8,MP-M-1000,http://cap-sample-media-optimistic-mouse-ad.cfapps.eu10.hana.ondemand.com/images/183562493.jpg,1,2018-01-01T00:00:00Z,generator,Clipboard - Turquoise,3,,http://cap-sample-media-optimistic-mouse-ad.cfapps.eu10.hana.ondemand.com/images/thumb-183562493.jpg,ae4f9d81-77d7-35e8-b886-8a981e6f538f
0f2abdf9-4404-38c0-9913-41bd34a9dcb6,2018-01-01T00:00:00Z,generator,USD,1.9,DE-PP-1004,http://cap-sample-media-optimistic-mouse-ad.cfapps.eu10.hana.ondemand.com/images/370443422.jpg,0,2018-01-01T00:00:00Z,generator,High quality No. 56 Staples (26/6mm) - Box of 5000,2.4,a35b1d64-54eb-3dc6-a0e4-6913633b805a,http://cap-sample-media-optimistic-mouse-ad.cfapps.eu10.hana.ondemand.com/images/thumb-370443422.jpg,ae8efaf6-45b8-382b-9d14-567b99681bb0
7f92197d-088b-366f-8cba-da9297ba2375,2018-01-01T00:00:00Z,generator,USD,38,OF-DL-1001,http://cap-sample-media-optimistic-mouse-ad.cfapps.eu10.hana.ondemand.com/images/314856419.jpg,0,2018-01-01T00:00:00Z,generator,Table Lamp,3.8,7f8b9ab6-a026-3036-a8a3-2bf19716cf4e,http://cap-sample-media-optimistic-mouse-ad.cfapps.eu10.hana.ondemand.com/images/thumb-314856419.jpg,b1267ac4-21d2-30bb-bbe0-4977ba73d90d
95d690fa-af21-3984-928f-8b85ed59e275,2018-01-01T00:00:00Z,generator,USD,34.9,EP-BB-1001,http://cap-sample-media-optimistic-mouse-ad.cfapps.eu10.hana.ondemand.com/images/231517936.jpg,0,2018-01-01T00:00:00Z,generator,Removal Storage Boxes - Pack of 10,3.2,eb0da333-6d5e-3c15-8972-313a26d55954,http://cap-sample-media-optimistic-mouse-ad.cfapps.eu10.hana.ondemand.com/images/thumb-231517936.jpg,b200ba62-05c8-3d92-9201-1cde381eb410
81e0ef06-4aa7-36a2-89b3-8066db4b28e6,2018-01-01T00:00:00Z,generator,USD,12.99,DE-PP-1000,http://cap-sample-media-optimistic-mouse-ad.cfapps.eu10.hana.ondemand.com/images/59212516.jpg,0,2018-01-01T00:00:00Z,generator,Premium Pencil Holder,2.7,34357c69-62aa-3b45-8e1e-fca510f66065,http://cap-sample-media-optimistic-mouse-ad.cfapps.eu10.hana.ondemand.com/images/thumb-59212516.jpg,b364569a-4467-302b-99a1-e6613ba64486
b12e37d7-1c27-3358-bf23-0fca1b68f6ae,2018-01-01T00:00:00Z,generator,USD,1.9,MP-W-1002,http://cap-sample-media-optimistic-mouse-ad.cfapps.eu10.hana.ondemand.com/images/100763566.jpg,1,2018-01-01T00:00:00Z,generator,Dry-Wipe Cleaning Pump Spray - 250ml,,,http://cap-sample-media-optimistic-mouse-ad.cfapps.eu10.hana.ondemand.com/images/thumb-100763566.jpg,b4cce702-583f-352f-bce7-f7461776867c
73807265-ba13-3271-9b00-d81ae63610aa,2018-01-01T00:00:00Z,generator,USD,105,OF-ST-1008,http://cap-sample-media-optimistic-mouse-ad.cfapps.eu10.hana.ondemand.com/images/72658717.jpg,1,2018-01-01T00:00:00Z,generator,Filing Cabinet - 2 drawers,4.1,f0cc0c1c-c577-3cbc-b165-258590d9456f,http://cap-sample-media-optimistic-mouse-ad.cfapps.eu10.hana.ondemand.com/images/thumb-72658717.jpg,b56810ea-a9ea-306a-b868-17f485e398c3
b12e37d7-1c27-3358-bf23-0fca1b68f6ae,2018-01-01T00:00:00Z,generator,USD,59,MP-W-1004,http://cap-sample-media-optimistic-mouse-ad.cfapps.eu10.hana.ondemand.com/images/208699177.jpg,0,2018-01-01T00:00:00Z,generator,Dry-Wipe Whiteboard,3.1,8baa650c-2a90-3bd8-adaa-fc01d7092485,http://cap-sample-media-optimistic-mouse-ad.cfapps.eu10.hana.ondemand.com/images/thumb-208699177.jpg,b68484ee-655e-3709-87dc-5e5a60f398b4
b934dcfb-008e-3c82-806c-7261b9685e33,2018-01-01T00:00:00Z,generator,USD,18.99,DE-GS-1000,http://cap-sample-media-optimistic-mouse-ad.cfapps.eu10.hana.ondemand.com/images/527199526.jpg,0,2018-01-01T00:00:00Z,generator,Desktop Tape Dispenser - 25mm Width Capacity with 12 Rolls Clear Tape,2.7,ec1eeb44-63f3-30a9-9e7d-9e8d0adfece3,http://cap-sample-media-optimistic-mouse-ad.cfapps.eu10.hana.ondemand.com/images/thumb-527199526.jpg,b7e45e2e-8d50-34b3-ba1e-69fece91dcd3
7f92197d-088b-366f-8cba-da9297ba2375,2018-01-01T00:00:00Z,generator,USD,28,OF-DL-1000,http://cap-sample-media-optimistic-mouse-ad.cfapps.eu10.hana.ondemand.com/images/41413516.jpg,0,2018-01-01T00:00:00Z,generator,Table Lamp,3.1,9448ad48-adec-3944-8209-cf17c5ed949c,http://cap-sample-media-optimistic-mouse-ad.cfapps.eu10.hana.ondemand.com/images/thumb-41413516.jpg,b878819c-4dc4-328f-8f53-aba0e35588de
1e86ebdf-456f-3f43-8d48-0f8a12e8f346,2018-01-01T00:00:00Z,generator,USD,5.9,PP-CP-1007,http://cap-sample-media-optimistic-mouse-ad.cfapps.eu10.hana.ondemand.com/images/152550938.jpg,0,2018-01-01T00:00:00Z,generator,Printer Paper - Dark Blue - 250 Sheets,3.3,46ca6be8-6071-3a2e-a75d-b3eb058f8326,http://cap-sample-media-optimistic-mouse-ad.cfapps.eu10.hana.ondemand.com/images/thumb-152550938.jpg,b8bf28a2-5980-331e-a79b-09fb58cb9ca6
3114946a-4f46-3abb-a3c5-d9cb02b3ae7b,2018-01-01T00:00:00Z,generator,USD,3.89,AR-T-1002,http://cap-sample-media-optimistic-mouse-ad.cfapps.eu10.hana.ondemand.com/images/93722356.jpg,0,2018-01-01T00:00:00Z,generator,Paper Tray - Orange,3.5,727754ea-c2b5-301c-9d8b-b190483a3413,http://cap-sample-media-optimistic-mouse-ad.cfapps.eu10.hana.ondemand.com/images/thumb-93722356.jpg,bafb1952-8c02-3f77-972a-5d5258a98e58
1e86ebdf-456f-3f43-8d48-0f8a12e8f346,2018-01-01T00:00:00Z,generator,USD,5.9,PP-CP-1009,http://cap-sample-media-optimistic-mouse-ad.cfapps.eu10.hana.ondemand.com/images/152550938.jpg,0,2018-01-01T00:00:00Z,generator,Printer Paper - Light Blue - 250 Sheets,3.8,46ca6be8-6071-3a2e-a75d-b3eb058f8326,http://cap-sample-media-optimistic-mouse-ad.cfapps.eu10.hana.ondemand.com/images/thumb-152550938.jpg,bc095c95-5f03-3c8f-ac9b-f1407ad10225
b539eaf0-8cfc-3a4b-b937-4d063fad14f4,2018-01-01T00:00:00Z,generator,USD,1.55,WD-ERS-1003,http://cap-sample-media-optimistic-mouse-ad.cfapps.eu10.hana.ondemand.com/images/257609758.jpg,0,2018-01-01T00:00:00Z,generator,Single-hole Pencil Sharpener - Blue,,2f9be373-968c-3e4d-ae80-e5a0abda3984,http://cap-sample-media-optimistic-mouse-ad.cfapps.eu10.hana.ondemand.com/images/thumb-257609758.jpg,bc724ace-e4e2-36e1-b4b5-89216c7de2c2
20e49be1-99f5-30b8-b566-43beeccb618b,2018-01-01T00:00:00Z,generator,USD,4.5,AR-FB-1005,http://cap-sample-media-optimistic-mouse-ad.cfapps.eu10.hana.ondemand.com/images/69629740.jpg,0,2018-01-01T00:00:00Z,generator,Lever Arch File - Black,2.8,90a8763d-d914-350f-8487-17f842e562a5,http://cap-sample-media-optimistic-mouse-ad.cfapps.eu10.hana.ondemand.com/images/thumb-69629740.jpg,bc7a11db-dfbc-3c54-b7fb-87184a4ecf40
73807265-ba13-3271-9b00-d81ae63610aa,2018-01-01T00:00:00Z,generator,USD,145,OF-ST-1001,http://cap-sample-media-optimistic-mouse-ad.cfapps.eu10.hana.ondemand.com/images/72658711.jpg,0,2018-01-01T00:00:00Z,generator,Filing Cabinet - 4 drawers,3.9,1bf74aa7-0177-39f0-94ba-db2afca08c1f,http://cap-sample-media-optimistic-mouse-ad.cfapps.eu10.hana.ondemand.com/images/thumb-72658711.jpg,be7cbdf5-5fcc-30be-b9bf-31c7d691507a
b47c3219-b9b9-348e-a40c-8f774d99afa8,2018-01-01T00:00:00Z,generator,USD,26.9,PP-WP-1000,http://cap-sample-media-optimistic-mouse-ad.cfapps.eu10.hana.ondemand.com/images/43441621.jpg,0,2018-01-01T00:00:00Z,generator,Wirebound Notepad - Ruled - Pack of 10,2.9,74ddf015-3ac2-3b2d-a382-e9fd798a077a,http://cap-sample-media-optimistic-mouse-ad.cfapps.eu10.hana.ondemand.com/images/thumb-43441621.jpg,c0c43197-e4c9-3d15-8fe9-81704a496536
ef1bc511-60c5-3f11-b340-11a2fdefc46a,2018-01-01T00:00:00Z,generator,USD,120,OF-CS-1003,http://cap-sample-media-optimistic-mouse-ad.cfapps.eu10.hana.ondemand.com/images/584779921.jpg,0,2018-01-01T00:00:00Z,generator,Stacking Chair - Black,3.8,08f783c6-ed72-3d52-b7eb-34997ea56154,http://cap-sample-media-optimistic-mouse-ad.cfapps.eu10.hana.ondemand.com/images/thumb-584779921.jpg,c0ce7a1b-9920-3503-8672-5607d3b78e76
77df9922-bed7-3a4f-ae9b-70c47897f38c,2018-01-01T00:00:00Z,generator,USD,14.4,EP-WM-1003,http://cap-sample-media-optimistic-mouse-ad.cfapps.eu10.hana.ondemand.com/images/218655211.jpg,0,2018-01-01T00:00:00Z,generator,Pallet Stretch Shrink Wrap - Clear,1.3,ebd44cd9-1c0b-3379-bf19-28d4058d56dd,http://cap-sample-media-optimistic-mouse-ad.cfapps.eu10.hana.ondemand.com/images/thumb-218655211.jpg,c4f89f04-d675-318c-9372-2d804674f2e2
53e11baf-2b71-3637-9289-5cfe63721b48,2018-01-01T00:00:00Z,generator,USD,2.6,MC-CA-1004,http://cap-sample-media-optimistic-mouse-ad.cfapps.eu10.hana.ondemand.com/images/88557772.jpg,0,2018-01-01T00:00:00Z,generator,Screen Cleaning Wipes,2.4,2f0b07e6-6732-3d42-b52e-66903743a565,http://cap-sample-media-optimistic-mouse-ad.cfapps.eu10.hana.ondemand.com/images/thumb-88557772.jpg,c5417761-be84-3fa3-bf98-59df1ba13e19
3114946a-4f46-3abb-a3c5-d9cb02b3ae7b,2018-01-01T00:00:00Z,generator,USD,4.45,AR-T-1005,http://cap-sample-media-optimistic-mouse-ad.cfapps.eu10.hana.ondemand.com/images/110735894.jpg,0,2018-01-01T00:00:00Z,generator,Plastic Magazine File - Blue,,a299b598-bce2-3fcc-8017-e1f54a6d9dce,http://cap-sample-media-optimistic-mouse-ad.cfapps.eu10.hana.ondemand.com/images/thumb-110735894.jpg,c6407dae-3422-3bcf-ab5d-b0ef5c4d4926
77df9922-bed7-3a4f-ae9b-70c47897f38c,2018-01-01T00:00:00Z,generator,USD,6.8,EP-WM-1002,http://cap-sample-media-optimistic-mouse-ad.cfapps.eu10.hana.ondemand.com/images/90845078.jpg,1,2018-01-01T00:00:00Z,generator,Kraft Paper Wrapping Roll,3.9,,http://cap-sample-media-optimistic-mouse-ad.cfapps.eu10.hana.ondemand.com/images/thumb-90845078.jpg,c7beceaa-32a6-302a-8a89-6a68de2c7185
16af465c-aa59-34e2-96c8-70cd6af72cb5,2018-01-01T00:00:00Z,generator,USD,3.9,PP-SN-1004,http://cap-sample-media-optimistic-mouse-ad.cfapps.eu10.hana.ondemand.com/images/123092584.jpg,0,2018-01-01T00:00:00Z,generator,Sticky Notes Shape Star - Assorted,4.3,03607f53-f3f6-3070-9e19-7a9bd462b088,http://cap-sample-media-optimistic-mouse-ad.cfapps.eu10.hana.ondemand.com/images/thumb-123092584.jpg,ca366ce2-ee54-34af-afcb-23db042cfe29
e17c04b6-f9fb-38eb-8f2c-1653850759a3,2018-01-01T00:00:00Z,generator,USD,3.4,DE-SK-1000,http://cap-sample-media-optimistic-mouse-ad.cfapps.eu10.hana.ondemand.com/images/100136453.jpg,0,2018-01-01T00:00:00Z,generator,Scissors with Rubber Handles - 202mm,2.8,6360805b-bd8f-30b1-a77a-f09197e43820,http://cap-sample-media-optimistic-mouse-ad.cfapps.eu10.hana.ondemand.com/images/thumb-100136453.jpg,cb2609a4-daff-3762-87df-45a3db84b361
e56f4410-5c74-30f2-b2d7-c6e2ceb156a4,2018-01-01T00:00:00Z,generator,USD,3.39,WD-PC-1000,http://cap-sample-media-optimistic-mouse-ad.cfapps.eu10.hana.ondemand.com/images/71098843.jpg,0,2018-01-01T00:00:00Z,generator,Pencil with Eraser - Pack of 12,3,602312ed-26d6-33dc-a854-737241872d70,http://cap-sample-media-optimistic-mouse-ad.cfapps.eu10.hana.ondemand.com/images/thumb-71098843.jpg,d16c655a-b352-325c-9633-4a0310df716c
53e11baf-2b71-3637-9289-5cfe63721b48,2018-01-01T00:00:00Z,generator,USD,12.45,MC-CA-1001,http://cap-sample-media-optimistic-mouse-ad.cfapps.eu10.hana.ondemand.com/images/98719937.jpg,0,2018-01-01T00:00:00Z,generator,Whiteboard Microfibre Cleaning Cloth,,11996422-745f-3dcb-9256-29c0872dc99f,http://cap-sample-media-optimistic-mouse-ad.cfapps.eu10.hana.ondemand.com/images/thumb-98719937.jpg,d2569b61-2c6f-331a-82d0-2a3ca4927945
05b2fff9-0f2e-3167-98fd-ff415eb00c0c,2018-01-01T00:00:00Z,generator,USD,1.95,MP-WM-1003,http://cap-sample-media-optimistic-mouse-ad.cfapps.eu10.hana.ondemand.com/images/124170526.jpg,0,2018-01-01T00:00:00Z,generator,Marker Pen - Black,2.1,69997847-fad4-36ad-a62a-bd7507cbbda7,http://cap-sample-media-optimistic-mouse-ad.cfapps.eu10.hana.ondemand.com/images/thumb-124170526.jpg,d2600621-501b-3ab2-9231-d9a05e4a05a9
102bfc76-dfd3-3aba-8014-078377c6d190,2018-01-01T00:00:00Z,generator,USD,9.92,EP-BT-1002,http://cap-sample-media-optimistic-mouse-ad.cfapps.eu10.hana.ondemand.com/images/102445369.jpg,0,2018-01-01T00:00:00Z,generator,Rubber Bands - Bag of 2000,2,9fa99e0f-64ae-3e7d-b925-dbeec0a4b226,http://cap-sample-media-optimistic-mouse-ad.cfapps.eu10.hana.ondemand.com/images/thumb-102445369.jpg,d2d8edbc-ec5d-3e47-ac4c-6b2df0a32c9f
81e0ef06-4aa7-36a2-89b3-8066db4b28e6,2018-01-01T00:00:00Z,generator,USD,13.48,DE-PP-1003,http://cap-sample-media-optimistic-mouse-ad.cfapps.eu10.hana.ondemand.com/images/74116852.jpg,0,2018-01-01T00:00:00Z,generator,Wooden Pen Holder,4.1,b364569a-4467-302b-99a1-e6613ba64486,http://cap-sample-media-optimistic-mouse-ad.cfapps.eu10.hana.ondemand.com/images/thumb-74116852.jpg,d47f6a1e-17ee-3c84-bf51-4e089dacf7e9
3114946a-4f46-3abb-a3c5-d9cb02b3ae7b,2018-01-01T00:00:00Z,generator,USD,16.99,AR-T-1003,http://cap-sample-media-optimistic-mouse-ad.cfapps.eu10.hana.ondemand.com/images/93722356.jpg,0,2018-01-01T00:00:00Z,generator,Paper Tray - Assorted - Pack of 5,3.1,a299b598-bce2-3fcc-8017-e1f54a6d9dce,http://cap-sample-media-optimistic-mouse-ad.cfapps.eu10.hana.ondemand.com/images/thumb-93722356.jpg,d48381a9-5623-3636-9dbe-51d49470cef6
73807265-ba13-3271-9b00-d81ae63610aa,2018-01-01T00:00:00Z,generator,USD,295,OF-ST-1000,http://cap-sample-media-optimistic-mouse-ad.cfapps.eu10.hana.ondemand.com/images/72463705.jpg,0,2018-01-01T00:00:00Z,generator,Large Cabinet,,1bf74aa7-0177-39f0-94ba-db2afca08c1f,http://cap-sample-media-optimistic-mouse-ad.cfapps.eu10.hana.ondemand.com/images/thumb-72463705.jpg,d6158907-99fe-35e6-8a38-3a73fdb47d50
1e86ebdf-456f-3f43-8d48-0f8a12e8f346,2018-01-01T00:00:00Z,generator,USD,5.9,PP-CP-1004,http://cap-sample-media-optimistic-mouse-ad.cfapps.eu10.hana.ondemand.com/images/152550938.jpg,1,2018-01-01T00:00:00Z,generator,Multifunctional Printer Paper - Dark Green - 250 Sheets,3.8,46ca6be8-6071-3a2e-a75d-b3eb058f8326,http://cap-sample-media-optimistic-mouse-ad.cfapps.eu10.hana.ondemand.com/images/thumb-152550938.jpg,d667c617-c850-3b92-b7be-09ae1b3f6e4f
b934dcfb-008e-3c82-806c-7261b9685e33,2018-01-01T00:00:00Z,generator,USD,2.99,DE-GS-1009,http://cap-sample-media-optimistic-mouse-ad.cfapps.eu10.hana.ondemand.com/images/60495724.jpg,0,2018-01-01T00:00:00Z,generator,Medium Glue Stick - 20g - Pack of 3,3.1,ea8dbe70-64d2-3e98-ac4b-cd89d007c0e2,http://cap-sample-media-optimistic-mouse-ad.cfapps.eu10.hana.ondemand.com/images/thumb-60495724.jpg,d679a84b-ee58-3c3b-a7d8-99e06fbeff1a
16af465c-aa59-34e2-96c8-70cd6af72cb5,2018-01-01T00:00:00Z,generator,USD,5.6,PP-SN-1005,http://cap-sample-media-optimistic-mouse-ad.cfapps.eu10.hana.ondemand.com/images/74658340.jpg,0,2018-01-01T00:00:00Z,generator,Bookmark Sticky Notes - assorted,3.7,1253ef15-ca4c-3acb-8fc8-8bfa71314170,http://cap-sample-media-optimistic-mouse-ad.cfapps.eu10.hana.ondemand.com/images/thumb-74658340.jpg,d75405ab-dc5f-342d-b2c4-d7fb363b87e2
20e49be1-99f5-30b8-b566-43beeccb618b,2018-01-01T00:00:00Z,generator,USD,7.95,AR-FB-1012,http://cap-sample-media-optimistic-mouse-ad.cfapps.eu10.hana.ondemand.com/images/5850058.jpg,0,2018-01-01T00:00:00Z,generator,Portfolio Files - Assorted - Pack of 4,2.1,7be6d296-9e7a-3505-b72e-4c7b98783578,http://cap-sample-media-optimistic-mouse-ad.cfapps.eu10.hana.ondemand.com/images/thumb-5850058.jpg,d7f9ea3a-a91d-3a54-81f6-fac4380230ca
ae790495-d735-34b9-8e8e-8faf25b31edf,2018-01-01T00:00:00Z,generator,USD,5.2,PP-NB-1007,http://cap-sample-media-optimistic-mouse-ad.cfapps.eu10.hana.ondemand.com/images/55478758.jpg,0,2018-01-01T00:00:00Z,generator,Notebook - Violet,3.6,11e6ffaa-d8e6-3b74-a35f-c833613bc1da,http://cap-sample-media-optimistic-mouse-ad.cfapps.eu10.hana.ondemand.com/images/thumb-55478758.jpg,d84ca540-ee68-3f70-a6b5-9ea71ae78139
b12e37d7-1c27-3358-bf23-0fca1b68f6ae,2018-01-01T00:00:00Z,generator,USD,9.9,MP-W-1000,http://cap-sample-media-optimistic-mouse-ad.cfapps.eu10.hana.ondemand.com/images/173368007.jpg,0,2018-01-01T00:00:00Z,generator,Whiteboard Eraser,2.1,b4cce702-583f-352f-bce7-f7461776867c,http://cap-sample-media-optimistic-mouse-ad.cfapps.eu10.hana.ondemand.com/images/thumb-173368007.jpg,da39d499-300e-3105-9350-5b0f6c973bab
0f2abdf9-4404-38c0-9913-41bd34a9dcb6,2018-01-01T00:00:00Z,generator,USD,21.39,DE-SH-1004,http://cap-sample-media-optimistic-mouse-ad.cfapps.eu10.hana.ondemand.com/images/124458070.jpg,0,2018-01-01T00:00:00Z,generator,Value Staple Gun - Silver,3.9,9f358e1b-59e7-3b69-baa5-cf1ae5f358df,http://cap-sample-media-optimistic-mouse-ad.cfapps.eu10.hana.ondemand.com/images/thumb-124458070.jpg,daca60bb-1512-34fb-af44-e38e92b97420
20e49be1-99f5-30b8-b566-43beeccb618b,2018-01-01T00:00:00Z,generator,USD,17.95,AR-FB-1003,http://cap-sample-media-optimistic-mouse-ad.cfapps.eu10.hana.ondemand.com/images/70098985.jpg,0,2018-01-01T00:00:00Z,generator,Lever Arch File - Assorted - Pack of 5,5,d7f9ea3a-a91d-3a54-81f6-fac4380230ca,http://cap-sample-media-optimistic-mouse-ad.cfapps.eu10.hana.ondemand.com/images/thumb-70098985.jpg,db1b2070-3169-3daf-9d52-a016232d5c10
ae790495-d735-34b9-8e8e-8faf25b31edf,2018-01-01T00:00:00Z,generator,USD,5.2,PP-NB-1008,http://cap-sample-media-optimistic-mouse-ad.cfapps.eu10.hana.ondemand.com/images/55798963.jpg,0,2018-01-01T00:00:00Z,generator,Notebook - Green,3.5,11e6ffaa-d8e6-3b74-a35f-c833613bc1da,http://cap-sample-media-optimistic-mouse-ad.cfapps.eu10.hana.ondemand.com/images/thumb-55798963.jpg,dd34baf9-e10f-3682-a6da-64fc3d0bb479
77df9922-bed7-3a4f-ae9b-70c47897f38c,2018-01-01T00:00:00Z,generator,USD,45,EP-WM-1000,http://cap-sample-media-optimistic-mouse-ad.cfapps.eu10.hana.ondemand.com/images/127573784.jpg,0,2018-01-01T00:00:00Z,generator,Block-Bottom Paper Carrier - Pack of 250,3.7,c4f89f04-d675-318c-9372-2d804674f2e2,http://cap-sample-media-optimistic-mouse-ad.cfapps.eu10.hana.ondemand.com/images/thumb-127573784.jpg,de943407-98d1-31d7-a978-bcc6e7bb4b96
20e49be1-99f5-30b8-b566-43beeccb618b,2018-01-01T00:00:00Z,generator,USD,19.95,AR-FB-1006,http://cap-sample-media-optimistic-mouse-ad.cfapps.eu10.hana.ondemand.com/images/69849106.jpg,0,2018-01-01T00:00:00Z,generator,Lever Arch File - Black - Pack of 5,2.3,db1b2070-3169-3daf-9d52-a016232d5c10,http://cap-sample-media-optimistic-mouse-ad.cfapps.eu10.hana.ondemand.com/images/thumb-69849106.jpg,e090b110-de52-3b1d-810a-ebba021e5d45
7f92197d-088b-366f-8cba-da9297ba2375,2018-01-01T00:00:00Z,generator,USD,15.2,OF-DL-1004,http://cap-sample-media-optimistic-mouse-ad.cfapps.eu10.hana.ondemand.com/images/262743578.jpg,1,2018-01-01T00:00:00Z,generator,Led Bulbs 7W ( 50W Halogen Equivalent) - Pack of 3,1.3,,http://cap-sample-media-optimistic-mouse-ad.cfapps.eu10.hana.ondemand.com/images/thumb-262743578.jpg,e2bb93ac-f533-3a8b-a768-a2187c5e3ba3
d9399ebd-a8f7-3f57-9641-41cd498bb22e,2018-01-01T00:00:00Z,generator,USD,16.45,OF-PW-1000,http://cap-sample-media-optimistic-mouse-ad.cfapps.eu10.hana.ondemand.com/images/106181243.jpg,0,2018-01-01T00:00:00Z,generator,Office Plant - 45 cm,,6cc2eeb6-2ce4-378a-b4aa-d7f99d13bd44,http://cap-sample-media-optimistic-mouse-ad.cfapps.eu10.hana.ondemand.com/images/thumb-106181243.jpg,e745dd4b-2279-359d-a1bb-23eae343db66
b934dcfb-008e-3c82-806c-7261b9685e33,2018-01-01T00:00:00Z,generator,USD,3.95,DE-GS-1006,http://cap-sample-media-optimistic-mouse-ad.cfapps.eu10.hana.ondemand.com/images/537513592.jpg,0,2018-01-01T00:00:00Z,generator,Super Glue,1.3,7efe4ec7-cdac-3267-9cf8-0a027ab5fa9b,http://cap-sample-media-optimistic-mouse-ad.cfapps.eu10.hana.ondemand.com/images/thumb-537513592.jpg,e8ee2618-4fb2-39ad-96be-87d880aaf93d
c7e823a1-9319-3fd4-88fe-68c9a7c6cfb8,2018-01-01T00:00:00Z,generator,USD,5.6,WD-BP-1000,http://cap-sample-media-optimistic-mouse-ad.cfapps.eu10.hana.ondemand.com/images/169398962.jpg,1,2018-01-01T00:00:00Z,generator,Silver Ballpoint Pen with Chrome Trim,2,68d1a9e0-0d96-3285-8443-c17a8e528c3b,http://cap-sample-media-optimistic-mouse-ad.cfapps.eu10.hana.ondemand.com/images/thumb-169398962.jpg,e96e6eeb-1a0f-320e-9484-dd144236725e
16af465c-aa59-34e2-96c8-70cd6af72cb5,2018-01-01T00:00:00Z,generator,USD,4.5,PP-SN-1001,http://cap-sample-media-optimistic-mouse-ad.cfapps.eu10.hana.ondemand.com/images/96285653.jpg,0,2018-01-01T00:00:00Z,generator,Sticky Notes - Assorted - Pack of 4,3.7,ca366ce2-ee54-34af-afcb-23db042cfe29,http://cap-sample-media-optimistic-mouse-ad.cfapps.eu10.hana.ondemand.com/images/thumb-96285653.jpg,ea21c314-4da8-3270-be49-bb9e92b514fe
b934dcfb-008e-3c82-806c-7261b9685e33,2018-01-01T00:00:00Z,generator,USD,2.79,DE-GS-1005,http://cap-sample-media-optimistic-mouse-ad.cfapps.eu10.hana.ondemand.com/images/18688144.jpg,0,2018-01-01T00:00:00Z,generator,Clear Universal Adhesive,4.1,13b57083-aca1-379a-b61a-f5e13847cbbf,http://cap-sample-media-optimistic-mouse-ad.cfapps.eu10.hana.ondemand.com/images/thumb-18688144.jpg,ea8dbe70-64d2-3e98-ac4b-cd89d007c0e2
95d690fa-af21-3984-928f-8b85ed59e275,2018-01-01T00:00:00Z,generator,USD,27.2,EP-BB-1002,http://cap-sample-media-optimistic-mouse-ad.cfapps.eu10.hana.ondemand.com/images/124701436.jpg,0,2018-01-01T00:00:00Z,generator,Self Locking Box - Pack of 10,3.5,41d96027-0311-34f2-a32a-efa5c7d1e360,http://cap-sample-media-optimistic-mouse-ad.cfapps.eu10.hana.ondemand.com/images/thumb-124701436.jpg,eb0da333-6d5e-3c15-8972-313a26d55954
718b94d3-96d5-37e8-b099-e76ccd25fa5c,2018-01-01T00:00:00Z,generator,USD,5.85,MC-B-1002,http://cap-sample-media-optimistic-mouse-ad.cfapps.eu10.hana.ondemand.com/images/74504842.jpg,0,2018-01-01T00:00:00Z,generator,Lithium Batteries CR2032,3.9,42879e5a-863f-33f3-8cdd-7427e31bb278,http://cap-sample-media-optimistic-mouse-ad.cfapps.eu10.hana.ondemand.com/images/thumb-74504842.jpg,eb70ee2b-a402-39e1-8992-932090754f06
77df9922-bed7-3a4f-ae9b-70c47897f38c,2018-01-01T00:00:00Z,generator,USD,9.8,EP-WM-1001,http://cap-sample-media-optimistic-mouse-ad.cfapps.eu10.hana.ondemand.com/images/204995326.jpg,0,2018-01-01T00:00:00Z,generator,Heavy-Duty Bubble Wrap,1.9,c7beceaa-32a6-302a-8a89-6a68de2c7185,http://cap-sample-media-optimistic-mouse-ad.cfapps.eu10.hana.ondemand.com/images/thumb-204995326.jpg,ebd44cd9-1c0b-3379-bf19-28d4058d56dd
b934dcfb-008e-3c82-806c-7261b9685e33,2018-01-01T00:00:00Z,generator,USD,14.35,DE-GS-1007,http://cap-sample-media-optimistic-mouse-ad.cfapps.eu10.hana.ondemand.com/images/630784682.jpg,0,2018-01-01T00:00:00Z,generator,Hot Glue Gun incl. 5 x 12mm Glue Sticks,1.9,27c0c624-a6ee-306c-a39d-0a5aecf09ea3,http://cap-sample-media-optimistic-mouse-ad.cfapps.eu10.hana.ondemand.com/images/thumb-630784682.jpg,ec1eeb44-63f3-30a9-9e7d-9e8d0adfece3
2b5c0a35-c5fa-3370-ade3-2afc02a5a038,2018-01-01T00:00:00Z,generator,USD,12.45,EP-E-1001,http://cap-sample-media-optimistic-mouse-ad.cfapps.eu10.hana.ondemand.com/images/160297772.jpg,0,2018-01-01T00:00:00Z,generator,Business Envelopes with Windows,4.1,8de45b9c-02ee-36b0-b495-79b72daddcb2,http://cap-sample-media-optimistic-mouse-ad.cfapps.eu10.hana.ondemand.com/images/thumb-160297772.jpg,f0a185ea-b872-3c44-85c6-85d5c24c284c
73807265-ba13-3271-9b00-d81ae63610aa,2018-01-01T00:00:00Z,generator,USD,105,OF-ST-1009,http://cap-sample-media-optimistic-mouse-ad.cfapps.eu10.hana.ondemand.com/images/72658666.jpg,0,2018-01-01T00:00:00Z,generator,Filing Cabinet - 2 drawers,4,b56810ea-a9ea-306a-b868-17f485e398c3,http://cap-sample-media-optimistic-mouse-ad.cfapps.eu10.hana.ondemand.com/images/thumb-72658666.jpg,f0cc0c1c-c577-3cbc-b165-258590d9456f
0f2abdf9-4404-38c0-9913-41bd34a9dcb6,2018-01-01T00:00:00Z,generator,USD,12.99,DE-SH-1001,http://cap-sample-media-optimistic-mouse-ad.cfapps.eu10.hana.ondemand.com/images/153641402.jpg,0,2018-01-01T00:00:00Z,generator,Heavy Duty Hole Punch - Red,,906f6f03-a8d0-3050-92a0-06eca6ae8afc,http://cap-sample-media-optimistic-mouse-ad.cfapps.eu10.hana.ondemand.com/images/thumb-153641402.jpg,f16dde2b-93f0-3703-8f8c-ec8015239c20
16af465c-aa59-34e2-96c8-70cd6af72cb5,2018-01-01T00:00:00Z,generator,USD,12.5,PP-SN-1002,http://cap-sample-media-optimistic-mouse-ad.cfapps.eu10.hana.ondemand.com/images/340137137.jpg,0,2018-01-01T00:00:00Z,generator,Sticky Notes - Yellow - Pack of 12,3.6,ae2a6152-3a60-34a5-a449-319b1be2e733,http://cap-sample-media-optimistic-mouse-ad.cfapps.eu10.hana.ondemand.com/images/thumb-340137137.jpg,f1d00006-94a1-36f2-947a-8c58e4d23ed0
ef1bc511-60c5-3f11-b340-11a2fdefc46a,2018-01-01T00:00:00Z,generator,USD,279,OF-CS-1001,http://cap-sample-media-optimistic-mouse-ad.cfapps.eu10.hana.ondemand.com/images/407406052.jpg,0,2018-01-01T00:00:00Z,generator,Leather-Faced Executive Chair - Red,4.9,c0ce7a1b-9920-3503-8672-5607d3b78e76,http://cap-sample-media-optimistic-mouse-ad.cfapps.eu10.hana.ondemand.com/images/thumb-407406052.jpg,f2e54156-8926-35ca-984a-b7a0eddb28bf
b539eaf0-8cfc-3a4b-b937-4d063fad14f4,2018-01-01T00:00:00Z,generator,USD,0.6,WD-ERS-1008,http://cap-sample-media-optimistic-mouse-ad.cfapps.eu10.hana.ondemand.com/images/262706861.jpg,0,2018-01-01T00:00:00Z,generator,Natural Rubber Combined Eraser - Pack of 3,2.4,3c826818-653e-3c79-bbb2-ece5f39d8cec,http://cap-sample-media-optimistic-mouse-ad.cfapps.eu10.hana.ondemand.com/images/thumb-262706861.jpg,f5091d3c-42d9-3b3d-b94f-9f37fea9b10a
7b915d47-b6c0-3ab8-9811-b833574e2760,2018-01-01T00:00:00Z,generator,USD,5.76,MC-CH-1004,http://cap-sample-media-optimistic-mouse-ad.cfapps.eu10.hana.ondemand.com/images/105121013.jpg,0,2018-01-01T00:00:00Z,generator,Vacuum Wall Hook - Pack of 6,1.5,64d40922-ea0d-30f9-9b83-eb4448ee4c2e,http://cap-sample-media-optimistic-mouse-ad.cfapps.eu10.hana.ondemand.com/images/thumb-105121013.jpg,fc16c43d-bb4e-30db-8b7e-98b3fdc7f0b9
ae790495-d735-34b9-8e8e-8faf25b31edf,2018-01-01T00:00:00Z,generator,USD,2.7,PP-NB-1002,http://cap-sample-media-optimistic-mouse-ad.cfapps.eu10.hana.ondemand.com/images/24946363.jpg,1,2018-01-01T00:00:00Z,generator,Coloured Notepaper - Assorted - 750 Sheets,4.2,5e775401-d3d1-3c63-b9cd-edb5efd2a3bb,http://cap-sample-media-optimistic-mouse-ad.cfapps.eu10.hana.ondemand.com/images/thumb-24946363.jpg,fd4a85c8-0f8c-3754-b62f-bbca3a613a78
d9399ebd-a8f7-3f57-9641-41cd498bb22e,2018-01-01T00:00:00Z,generator,USD,4.3,OF-PW-1003,http://cap-sample-media-optimistic-mouse-ad.cfapps.eu10.hana.ondemand.com/images/59210698.jpg,1,2018-01-01T00:00:00Z,generator,Watering Can,1.9,,http://cap-sample-media-optimistic-mouse-ad.cfapps.eu10.hana.ondemand.com/images/thumb-59210698.jpg,0026fe60-a5a7-3f07-9851-deff001c741e
187fcfcd-f4d2-391a-99ac-26f60fad30c2,2018-01-01T00:00:00Z,generator,USD,3.2,DE-PPM-1000,http://cap-sample-media-optimistic-mouse-ad.cfapps.eu10.hana.ondemand.com/images/63764749.jpg,0,2018-01-01T00:00:00Z,generator,Vinyl Paper Clips 50mm - Assorted - Pack of 200,3.2,a518c3a8-af8b-3877-819a-9392782d0c20,http://cap-sample-media-optimistic-mouse-ad.cfapps.eu10.hana.ondemand.com/images/thumb-63764749.jpg,008f9b88-e935-3f39-8e79-ab0f0f7e440c
b539eaf0-8cfc-3a4b-b937-4d063fad14f4,2018-01-01T00:00:00Z,generator,USD,14.95,WD-ERS-1006,http://cap-sample-media-optimistic-mouse-ad.cfapps.eu10.hana.ondemand.com/images/153389819.jpg,0,2018-01-01T00:00:00Z,generator,Pencil Sharpener,3.2,1c9cf3f2-49b4-3964-adad-5a1e8ae83c96,http://cap-sample-media-optimistic-mouse-ad.cfapps.eu10.hana.ondemand.com/images/thumb-153389819.jpg,0165157e-6a81-372b-b163-92f0789d0759
1e86ebdf-456f-3f43-8d48-0f8a12e8f346,2018-01-01T00:00:00Z,generator,USD,6.89,PP-CP-1002,http://cap-sample-media-optimistic-mouse-ad.cfapps.eu10.hana.ondemand.com/images/57945688.jpg,0,2018-01-01T00:00:00Z,generator,Premium Coloured Printer Paper - Assorted 5 colours - 250 Sheet,3.5,a0c59c7a-6504-3283-8271-be865784f31e,http://cap-sample-media-optimistic-mouse-ad.cfapps.eu10.hana.ondemand.com/images/thumb-57945688.jpg,02e77154-c39b-3fd3-89aa-8e138732bd51
16af465c-aa59-34e2-96c8-70cd6af72cb5,2018-01-01T00:00:00Z,generator,USD,3.9,PP-SN-1003,http://cap-sample-media-optimistic-mouse-ad.cfapps.eu10.hana.ondemand.com/images/71334310.jpg,1,2018-01-01T00:00:00Z,generator,Sticky Notes Shape Flower - Assorted,4.1,ca366ce2-ee54-34af-afcb-23db042cfe29,http://cap-sample-media-optimistic-mouse-ad.cfapps.eu10.hana.ondemand.com/images/thumb-71334310.jpg,03607f53-f3f6-3070-9e19-7a9bd462b088
3114946a-4f46-3abb-a3c5-d9cb02b3ae7b,2018-01-01T00:00:00Z,generator,USD,4.45,AR-T-1006,http://cap-sample-media-optimistic-mouse-ad.cfapps.eu10.hana.ondemand.com/images/146147657.jpg,0,2018-01-01T00:00:00Z,generator,Plastic Magazine File - Pink,3.5,a299b598-bce2-3fcc-8017-e1f54a6d9dce,http://cap-sample-media-optimistic-mouse-ad.cfapps.eu10.hana.ondemand.com/images/thumb-146147657.jpg,03b5f282-9d96-3474-bb48-0036723ca7b7
81e0ef06-4aa7-36a2-89b3-8066db4b28e6,2018-01-01T00:00:00Z,generator,USD,7.6,DE-PP-1002,http://cap-sample-media-optimistic-mouse-ad.cfapps.eu10.hana.ondemand.com/images/150544139.jpg,1,2018-01-01T00:00:00Z,generator,State-of-the-art Pencil Holder,2.5,,http://cap-sample-media-optimistic-mouse-ad.cfapps.eu10.hana.ondemand.com/images/thumb-150544139.jpg,04f207d8-1337-3f13-8663-722868a5313d
95d690fa-af21-3984-928f-8b85ed59e275,2018-01-01T00:00:00Z,generator,USD,3.4,EP-BB-1004,http://cap-sample-media-optimistic-mouse-ad.cfapps.eu10.hana.ondemand.com/images/93041953.jpg,1,2018-01-01T00:00:00Z,generator,Brown Packaging Tape,3.3,,http://cap-sample-media-optimistic-mouse-ad.cfapps.eu10.hana.ondemand.com/images/thumb-93041953.jpg,05950140-8017-30c2-9b84-403f435089af
187fcfcd-f4d2-391a-99ac-26f60fad30c2,2018-01-01T00:00:00Z,generator,USD,1.89,DE-PPM-1002,http://cap-sample-media-optimistic-mouse-ad.cfapps.eu10.hana.ondemand.com/images/145835795.jpg,0,2018-01-01T00:00:00Z,generator,Push Pins - 24 mm - Assorted Colours - Pack of 100,4.4,21a810fb-8de9-3d0f-b3ce-feaea1b92ec0,http://cap-sample-media-optimistic-mouse-ad.cfapps.eu10.hana.ondemand.com/images/thumb-145835795.jpg,06ff8f59-a281-31ab-bbae-7a9d9b33920a
1e86ebdf-456f-3f43-8d48-0f8a12e8f346,2018-01-01T00:00:00Z,generator,USD,3.49,PP-CP-1000,http://cap-sample-media-optimistic-mouse-ad.cfapps.eu10.hana.ondemand.com/images/79109380.jpg,1,2018-01-01T00:00:00Z,generator,Copy and Multipurpose Paper - White - 500 Sheets,2.9,,http://cap-sample-media-optimistic-mouse-ad.cfapps.eu10.hana.ondemand.com/images/thumb-79109380.jpg,07d75d6e-aad4-337c-92a6-a0513cc815cb
ef1bc511-60c5-3f11-b340-11a2fdefc46a,2018-01-01T00:00:00Z,generator,USD,120,OF-CS-1002,http://cap-sample-media-optimistic-mouse-ad.cfapps.eu10.hana.ondemand.com/images/584779945.jpg,1,2018-01-01T00:00:00Z,generator,Visitor Chair - Green,3.2,c0ce7a1b-9920-3503-8672-5607d3b78e76,http://cap-sample-media-optimistic-mouse-ad.cfapps.eu10.hana.ondemand.com/images/thumb-584779945.jpg,08f783c6-ed72-3d52-b7eb-34997ea56154
8ee07143-c75a-3711-b003-4f12a105b707,2018-01-01T00:00:00Z,generator,USD,12.99,MC-CM-1000,http://cap-sample-media-optimistic-mouse-ad.cfapps.eu10.hana.ondemand.com/images/60961366.jpg,0,2018-01-01T00:00:00Z,generator,Coffee Mug,2.9,46ded836-4d11-321c-9f1b-e40713f6d9fa,http://cap-sample-media-optimistic-mouse-ad.cfapps.eu10.hana.ondemand.com/images/thumb-60961366.jpg,0e53e9d6-feff-39d9-8b6c-2cea5ebfe77b
ae790495-d735-34b9-8e8e-8faf25b31edf,2018-01-01T00:00:00Z,generator,USD,3.9,PP-NB-1001,http://cap-sample-media-optimistic-mouse-ad.cfapps.eu10.hana.ondemand.com/images/154104992.jpg,0,2018-01-01T00:00:00Z,generator,White Notepaper Sheets in Cube - White - 750 Sheets,1.3,97c0d6bd-62f9-3e8e-bb4e-35212a926d7e,http://cap-sample-media-optimistic-mouse-ad.cfapps.eu10.hana.ondemand.com/images/thumb-154104992.jpg,10c069ec-0288-309b-b998-e6548b908b2f
53e11baf-2b71-3637-9289-5cfe63721b48,2018-01-01T00:00:00Z,generator,USD,8.99,MC-CA-1000,http://cap-sample-media-optimistic-mouse-ad.cfapps.eu10.hana.ondemand.com/images/118285516.jpg,0,2018-01-01T00:00:00Z,generator,Microfibre Cleaning Cloth - Pack of 5,3.3,6b41fd73-39e2-3451-b455-5c82c4b17fac,http://cap-sample-media-optimistic-mouse-ad.cfapps.eu10.hana.ondemand.com/images/thumb-118285516.jpg,11996422-745f-3dcb-9256-29c0872dc99f
b47c3219-b9b9-348e-a40c-8f774d99afa8,2018-01-01T00:00:00Z,generator,USD,2.1,PP-WP-1001,http://cap-sample-media-optimistic-mouse-ad.cfapps.eu10.hana.ondemand.com/images/71012068.jpg,1,2018-01-01T00:00:00Z,generator,Memo Pad - Blank,3.7,,http://cap-sample-media-optimistic-mouse-ad.cfapps.eu10.hana.ondemand.com/images/thumb-71012068.jpg,11cad209-a876-3eba-81f3-c379054ac997
ae790495-d735-34b9-8e8e-8faf25b31edf,2018-01-01T00:00:00Z,generator,USD,5.2,PP-NB-1010,http://cap-sample-media-optimistic-mouse-ad.cfapps.eu10.hana.ondemand.com/images/55532728.jpg,0,2018-01-01T00:00:00Z,generator,Notebook - Red,2.8,646ba021-5993-3b18-9970-6bceac124c70,http://cap-sample-media-optimistic-mouse-ad.cfapps.eu10.hana.ondemand.com/images/thumb-55532728.jpg,11e6ffaa-d8e6-3b74-a35f-c833613bc1da
b47c3219-b9b9-348e-a40c-8f774d99afa8,2018-01-01T00:00:00Z,generator,USD,2.5,PP-WP-1002,http://cap-sample-media-optimistic-mouse-ad.cfapps.eu10.hana.ondemand.com/images/148683722.jpg,0,2018-01-01T00:00:00Z,generator,Memo Pad - Ruled,2,74ddf015-3ac2-3b2d-a382-e9fd798a077a,http://cap-sample-media-optimistic-mouse-ad.cfapps.eu10.hana.ondemand.com/images/thumb-148683722.jpg,122952e5-bf62-33ec-aece-f9aa7d2b3132
16af465c-aa59-34e2-96c8-70cd6af72cb5,2018-01-01T00:00:00Z,generator,USD,4.98,PP-SN-1006,http://cap-sample-media-optimistic-mouse-ad.cfapps.eu10.hana.ondemand.com/images/121217464.jpg,0,2018-01-01T00:00:00Z,generator,Index Arrows - Assorted,2.3,ea21c314-4da8-3270-be49-bb9e92b514fe,http://cap-sample-media-optimistic-mouse-ad.cfapps.eu10.hana.ondemand.com/images/thumb-121217464.jpg,1253ef15-ca4c-3acb-8fc8-8bfa71314170
102bfc76-dfd3-3aba-8014-078377c6d190,2018-01-01T00:00:00Z,generator,USD,21.85,EP-BT-1000,http://cap-sample-media-optimistic-mouse-ad.cfapps.eu10.hana.ondemand.com/images/209171200.jpg,0,2018-01-01T00:00:00Z,generator,Jute Twine for Packaging,1.9,a8469b8d-80ae-36b6-b6bd-8fe5d34dc381,http://cap-sample-media-optimistic-mouse-ad.cfapps.eu10.hana.ondemand.com/images/thumb-209171200.jpg,137b0e2a-c8bc-3247-96b5-d44d60c10ea5
b934dcfb-008e-3c82-806c-7261b9685e33,2018-01-01T00:00:00Z,generator,USD,1.39,DE-GS-1008,http://cap-sample-media-optimistic-mouse-ad.cfapps.eu10.hana.ondemand.com/images/52414843.jpg,0,2018-01-01T00:00:00Z,generator,Large Glue Stick - 40g,2.9,6f74b564-61b4-34d3-9433-45fa8e434550,http://cap-sample-media-optimistic-mouse-ad.cfapps.eu10.hana.ondemand.com/images/thumb-52414843.jpg,13b57083-aca1-379a-b61a-f5e13847cbbf
1e86ebdf-456f-3f43-8d48-0f8a12e8f346,2018-01-01T00:00:00Z,generator,USD,5.9,PP-CP-1010,http://cap-sample-media-optimistic-mouse-ad.cfapps.eu10.hana.ondemand.com/images/152550938.jpg,0,2018-01-01T00:00:00Z,generator,Printer Paper - Lilac - 250 Sheets,3.2,46ca6be8-6071-3a2e-a75d-b3eb058f8326,http://cap-sample-media-optimistic-mouse-ad.cfapps.eu10.hana.ondemand.com/images/thumb-152550938.jpg,1450d1ea-fa69-3fe3-b1a0-f5e2b25b5124
20e49be1-99f5-30b8-b566-43beeccb618b,2018-01-01T00:00:00Z,generator,USD,4.25,AR-FB-1001,http://cap-sample-media-optimistic-mouse-ad.cfapps.eu10.hana.ondemand.com/images/71583814.jpg,0,2018-01-01T00:00:00Z,generator,Lever Arch File - Blue,3.9,6eaf313c-8c07-3a55-872f-acf0bf61cdd0,http://cap-sample-media-optimistic-mouse-ad.cfapps.eu10.hana.ondemand.com/images/thumb-71583814.jpg,150cbfed-28b0-30a2-9e24-3f75ab1fb93e
619b0673-7b65-3829-993b-261d5a96ba13,2018-01-01T00:00:00Z,generator,USD,0.75,WD-MP-1005,http://cap-sample-media-optimistic-mouse-ad.cfapps.eu10.hana.ondemand.com/images/14876785.jpg,0,2018-01-01T00:00:00Z,generator,Permanent Marker - Red,1.4,45519370-08f0-3f37-bcb2-292f3802fbd4,http://cap-sample-media-optimistic-mouse-ad.cfapps.eu10.hana.ondemand.com/images/thumb-14876785.jpg,162a8446-369a-3b59-9aee-0a98ec0376a4
73807265-ba13-3271-9b00-d81ae63610aa,2018-01-01T00:00:00Z,generator,USD,125,OF-ST-1006,http://cap-sample-media-optimistic-mouse-ad.cfapps.eu10.hana.ondemand.com/images/72658687.jpg,0,2018-01-01T00:00:00Z,generator,Filing Cabinet - 3 drawers,3.6,51b4901c-0eae-3c46-b148-3d266aecaa05,http://cap-sample-media-optimistic-mouse-ad.cfapps.eu10.hana.ondemand.com/images/thumb-72658687.jpg,17d338c7-697c-3cdf-8953-c6f973c9b8bb
3114946a-4f46-3abb-a3c5-d9cb02b3ae7b,2018-01-01T00:00:00Z,generator,USD,3.89,AR-T-1000,http://cap-sample-media-optimistic-mouse-ad.cfapps.eu10.hana.ondemand.com/images/93722356.jpg,1,2018-01-01T00:00:00Z,generator,Paper Tray - Pink,3.8,bafb1952-8c02-3f77-972a-5d5258a98e58,http://cap-sample-media-optimistic-mouse-ad.cfapps.eu10.hana.ondemand.com/images/thumb-93722356.jpg,183dbb64-05b6-331a-9fe5-0f9dd63de856
05b2fff9-0f2e-3167-98fd-ff415eb00c0c,2018-01-01T00:00:00Z,generator,USD,1.3,MP-WM-1000,http://cap-sample-media-optimistic-mouse-ad.cfapps.eu10.hana.ondemand.com/images/92611420.jpg,1,2018-01-01T00:00:00Z,generator,Dry-Wipe Marker Pen - Red,,,http://cap-sample-media-optimistic-mouse-ad.cfapps.eu10.hana.ondemand.com/images/thumb-92611420.jpg,1bb3a9b6-cdd4-370a-83fa-94fd94428a00
73807265-ba13-3271-9b00-d81ae63610aa,2018-01-01T00:00:00Z,generator,USD,145,OF-ST-1003,http://cap-sample-media-optimistic-mouse-ad.cfapps.eu10.hana.ondemand.com/images/72658672.jpg,0,2018-01-01T00:00:00Z,generator,Filing Cabinet - 4 drawers,4.2,57b27a19-2f73-3d12-af5e-106d54656791,http://cap-sample-media-optimistic-mouse-ad.cfapps.eu10.hana.ondemand.com/images/thumb-72658672.jpg,1bf74aa7-0177-39f0-94ba-db2afca08c1f
718b94d3-96d5-37e8-b099-e76ccd25fa5c,2018-01-01T00:00:00Z,generator,USD,3.5,MC-B-1000,http://cap-sample-media-optimistic-mouse-ad.cfapps.eu10.hana.ondemand.com/images/98068823.jpg,1,2018-01-01T00:00:00Z,generator,AAA Alkaline Batteries - Pack of 8,3.7,42879e5a-863f-33f3-8cdd-7427e31bb278,http://cap-sample-media-optimistic-mouse-ad.cfapps.eu10.hana.ondemand.com/images/thumb-98068823.jpg,1c0d18ec-66ee-3022-8417-b8ddf8829186
b539eaf0-8cfc-3a4b-b937-4d063fad14f4,2018-01-01T00:00:00Z,generator,USD,1.7,WD-ERS-1005,http://cap-sample-media-optimistic-mouse-ad.cfapps.eu10.hana.ondemand.com/images/193328396.jpg,0,2018-01-01T00:00:00Z,generator,2-hole Canister Pencil Sharpener - Blue,3.3,4cc5646f-67dc-3ae6-8781-5841714a39ac,http://cap-sample-media-optimistic-mouse-ad.cfapps.eu10.hana.ondemand.com/images/thumb-193328396.jpg,1c9cf3f2-49b4-3964-adad-5a1e8ae83c96
f1aacc97-0aaf-335e-a657-b6c3e214a078,2018-01-01T00:00:00Z,generator,USD,6.1,MC-M-1002,http://cap-sample-media-optimistic-mouse-ad.cfapps.eu10.hana.ondemand.com/images/2490776.jpg,0,2018-01-01T00:00:00Z,generator,Yearly Calendar,3.2,7529d554-8b7e-3d06-8cb8-8acf20154a27,http://cap-sample-media-optimistic-mouse-ad.cfapps.eu10.hana.ondemand.com/images/thumb-2490776.jpg,1d3ab719-3844-3ab6-aeb3-b07b81ecaec0
b539eaf0-8cfc-3a4b-b937-4d063fad14f4,2018-01-01T00:00:00Z,generator,USD,0.42,WD-ERS-1000,http://cap-sample-media-optimistic-mouse-ad.cfapps.eu10.hana.ondemand.com/images/122351983.jpg,1,2018-01-01T00:00:00Z,generator,Plastic Ruler - Red - 15 cm/6 inch,1.4,3c826818-653e-3c79-bbb2-ece5f39d8cec,http://cap-sample-media-optimistic-mouse-ad.cfapps.eu10.hana.ondemand.com/images/thumb-122351983.jpg,1d6677f0-ac16-3284-9bd1-6f323f3dbb05
ef1bc511-60c5-3f11-b340-11a2fdefc46a,2018-01-01T00:00:00Z,generator,USD,290.95,OF-CS-1000,http://cap-sample-media-optimistic-mouse-ad.cfapps.eu10.hana.ondemand.com/images/308303141.jpg,0,2018-01-01T00:00:00Z,generator,Leather-Faced Executive Chair - Brown,4.1,f2e54156-8926-35ca-984a-b7a0eddb28bf,http://cap-sample-media-optimistic-mouse-ad.cfapps.eu10.hana.ondemand.com/images/thumb-308303141.jpg,1ebe12e4-01ef-3347-b439-8aac3c49fb96
20e49be1-99f5-30b8-b566-43beeccb618b,2018-01-01T00:00:00Z,generator,USD,4.25,AR-FB-1002,http://cap-sample-media-optimistic-mouse-ad.cfapps.eu10.hana.ondemand.com/images/70098946.jpg,0,2018-01-01T00:00:00Z,generator,Lever Arch File - Green,4.1,6eaf313c-8c07-3a55-872f-acf0bf61cdd0,http://cap-sample-media-optimistic-mouse-ad.cfapps.eu10.hana.ondemand.com/images/thumb-70098946.jpg,201ae105-b3cb-3b71-b4c5-5816db4450d3
20e49be1-99f5-30b8-b566-43beeccb618b,2018-01-01T00:00:00Z,generator,USD,3.25,AR-FB-1000,http://cap-sample-media-optimistic-mouse-ad.cfapps.eu10.hana.ondemand.com/images/59966104.jpg,1,2018-01-01T00:00:00Z,generator,Ring Binder - Green,3.3,96768966-4b5b-3ff7-901f-fa79a04dce10,http://cap-sample-media-optimistic-mouse-ad.cfapps.eu10.hana.ondemand.com/images/thumb-59966104.jpg,2154c667-dd98-392e-b46b-dc79075a132a
187fcfcd-f4d2-391a-99ac-26f60fad30c2,2018-01-01T00:00:00Z,generator,USD,1.89,DE-PPM-1003,http://cap-sample-media-optimistic-mouse-ad.cfapps.eu10.hana.ondemand.com/images/151644647.jpg,0,2018-01-01T00:00:00Z,generator,Map Pins - 5mm Head - Assorted Colours - Pack of 100,,06ff8f59-a281-31ab-bbae-7a9d9b33920a,http://cap-sample-media-optimistic-mouse-ad.cfapps.eu10.hana.ondemand.com/images/thumb-151644647.jpg,21a810fb-8de9-3d0f-b3ce-feaea1b92ec0
20e49be1-99f5-30b8-b566-43beeccb618b,2018-01-01T00:00:00Z,generator,USD,4.1,AR-FB-1007,http://cap-sample-media-optimistic-mouse-ad.cfapps.eu10.hana.ondemand.com/images/187076726.jpg,0,2018-01-01T00:00:00Z,generator,Lever Arch File - White,2.5,2154c667-dd98-392e-b46b-dc79075a132a,http://cap-sample-media-optimistic-mouse-ad.cfapps.eu10.hana.ondemand.com/images/thumb-187076726.jpg,22ff14de-d860-3596-9daa-159f4b5837ef
b12e37d7-1c27-3358-bf23-0fca1b68f6ae,2018-01-01T00:00:00Z,generator,USD,73,MP-W-1003,http://cap-sample-media-optimistic-mouse-ad.cfapps.eu10.hana.ondemand.com/images/136763456.jpg,0,2018-01-01T00:00:00Z,generator,Dry-Wipe Whiteboard With Pen Tray,1,b68484ee-655e-3709-87dc-5e5a60f398b4,http://cap-sample-media-optimistic-mouse-ad.cfapps.eu10.hana.ondemand.com/images/thumb-136763456.jpg,2463473b-2ae0-3deb-bcf1-7925eaf2494b
ae790495-d735-34b9-8e8e-8faf25b31edf,2018-01-01T00:00:00Z,generator,USD,2.8,PP-NB-1006,http://cap-sample-media-optimistic-mouse-ad.cfapps.eu10.hana.ondemand.com/images/210340546.jpg,0,2018-01-01T00:00:00Z,generator,Wirebound Notebook - Plain - 80 Sheets,4.2,44a5e90d-530d-35e3-9a80-2c8b84dd0a1c,http://cap-sample-media-optimistic-mouse-ad.cfapps.eu10.hana.ondemand.com/images/thumb-210340546.jpg,24d62ed3-5007-3f76-a631-4d1983f9efcd
b934dcfb-008e-3c82-806c-7261b9685e33,2018-01-01T00:00:00Z,generator,USD,0.9,DE-GS-1002,http://cap-sample-media-optimistic-mouse-ad.cfapps.eu10.hana.ondemand.com/images/227285872.jpg,1,2018-01-01T00:00:00Z,generator,High Quality Clear Tape - 10 Rolls,3.7,6f74b564-61b4-34d3-9433-45fa8e434550,http://cap-sample-media-optimistic-mouse-ad.cfapps.eu10.hana.ondemand.com/images/thumb-227285872.jpg,260bd981-2a05-3319-801b-36ede6fb3aa6
b934dcfb-008e-3c82-806c-7261b9685e33,2018-01-01T00:00:00Z,generator,USD,5.95,DE-GS-1001,http://cap-sample-media-optimistic-mouse-ad.cfapps.eu10.hana.ondemand.com/images/107160467.jpg,0,2018-01-01T00:00:00Z,generator,Desktop Tape Dispenser - 19mm Width Capacity,2.8,e8ee2618-4fb2-39ad-96be-87d880aaf93d,http://cap-sample-media-optimistic-mouse-ad.cfapps.eu10.hana.ondemand.com/images/thumb-107160467.jpg,27c0c624-a6ee-306c-a39d-0a5aecf09ea3
73807265-ba13-3271-9b00-d81ae63610aa,2018-01-01T00:00:00Z,generator,USD,125,OF-ST-1004,http://cap-sample-media-optimistic-mouse-ad.cfapps.eu10.hana.ondemand.com/images/71703877.jpg,0,2018-01-01T00:00:00Z,generator,Filing Cabinet - 3 drawers,3.2,17d338c7-697c-3cdf-8953-c6f973c9b8bb,http://cap-sample-media-optimistic-mouse-ad.cfapps.eu10.hana.ondemand.com/images/thumb-71703877.jpg,29403edb-7dd9-38e4-881c-129ab74357fb
1e86ebdf-456f-3f43-8d48-0f8a12e8f346,2018-01-01T00:00:00Z,generator,USD,5.9,PP-CP-1014,http://cap-sample-media-optimistic-mouse-ad.cfapps.eu10.hana.ondemand.com/images/152550938.jpg,0,2018-01-01T00:00:00Z,generator,Printer Paper - Orange - 250 Sheets,3.4,46ca6be8-6071-3a2e-a75d-b3eb058f8326,http://cap-sample-media-optimistic-mouse-ad.cfapps.eu10.hana.ondemand.com/images/thumb-152550938.jpg,2b2296e3-d96c-37e3-999c-6fc311c120f7
0f2abdf9-4404-38c0-9913-41bd34a9dcb6,2018-01-01T00:00:00Z,generator,USD,8.45,DE-SH-1002,http://cap-sample-media-optimistic-mouse-ad.cfapps.eu10.hana.ondemand.com/images/193705679.jpg,0,2018-01-01T00:00:00Z,generator,Half Strip Stapler - Green,2.5,ae8efaf6-45b8-382b-9d14-567b99681bb0,http://cap-sample-media-optimistic-mouse-ad.cfapps.eu10.hana.ondemand.com/images/thumb-193705679.jpg,2b44f942-d111-33a7-bb1c-2c3f9a35da52
53e11baf-2b71-3637-9289-5cfe63721b48,2018-01-01T00:00:00Z,generator,USD,1.8,MC-CA-1003,http://cap-sample-media-optimistic-mouse-ad.cfapps.eu10.hana.ondemand.com/images/216725182.jpg,1,2018-01-01T00:00:00Z,generator,Scrubbing Sponge - Pack of 10 - Assorted,2.4,,http://cap-sample-media-optimistic-mouse-ad.cfapps.eu10.hana.ondemand.com/images/thumb-216725182.jpg,2f0b07e6-6732-3d42-b52e-66903743a565
b539eaf0-8cfc-3a4b-b937-4d063fad14f4,2018-01-01T00:00:00Z,generator,USD,1.55,WD-ERS-1004,http://cap-sample-media-optimistic-mouse-ad.cfapps.eu10.hana.ondemand.com/images/257609761.jpg,0,2018-01-01T00:00:00Z,generator,Single-hole Pencil Sharpener - Black,3,bc724ace-e4e2-36e1-b4b5-89216c7de2c2,http://cap-sample-media-optimistic-mouse-ad.cfapps.eu10.hana.ondemand.com/images/thumb-257609761.jpg,2f9be373-968c-3e4d-ae80-e5a0abda3984
187fcfcd-f4d2-391a-99ac-26f60fad30c2,2018-01-01T00:00:00Z,generator,USD,1.19,DE-PPM-1004,http://cap-sample-media-optimistic-mouse-ad.cfapps.eu10.hana.ondemand.com/images/63472720.jpg,1,2018-01-01T00:00:00Z,generator,Foldback Clips - 19mm - Assorted Colours - Pack of 12,3.8,,http://cap-sample-media-optimistic-mouse-ad.cfapps.eu10.hana.ondemand.com/images/thumb-63472720.jpg,32187a75-276a-35d7-891e-6de61c95eaad
73807265-ba13-3271-9b00-d81ae63610aa,2018-01-01T00:00:00Z,generator,USD,105,OF-ST-1007,http://cap-sample-media-optimistic-mouse-ad.cfapps.eu10.hana.ondemand.com/images/72658702.jpg,1,2018-01-01T00:00:00Z,generator,Filing Cabinet - 2 drawers,3.8,f0cc0c1c-c577-3cbc-b165-258590d9456f,http://cap-sample-media-optimistic-mouse-ad.cfapps.eu10.hana.ondemand.com/images/thumb-72658702.jpg,33e2dc1a-ae3f-3278-8345-75f0d73151a4
81e0ef06-4aa7-36a2-89b3-8066db4b28e6,2018-01-01T00:00:00Z,generator,USD,11.87,DE-PP-1001,http://cap-sample-media-optimistic-mouse-ad.cfapps.eu10.hana.ondemand.com/images/62767552.jpg,0,2018-01-01T00:00:00Z,generator,High-class Pencil Holder,,04f207d8-1337-3f13-8663-722868a5313d,http://cap-sample-media-optimistic-mouse-ad.cfapps.eu10.hana.ondemand.com/images/thumb-62767552.jpg,34357c69-62aa-3b45-8e1e-fca510f66065
ae790495-d735-34b9-8e8e-8faf25b31edf,2018-01-01T00:00:00Z,generator,USD,7.99,PP-NB-1012,http://cap-sample-media-optimistic-mouse-ad.cfapps.eu10.hana.ondemand.com/images/518454619.jpg,0,2018-01-01T00:00:00Z,generator,Leather Notebook,2.7,707048f2-8747-3b68-b6ee-32613184e4a7,http://cap-sample-media-optimistic-mouse-ad.cfapps.eu10.hana.ondemand.com/images/thumb-518454619.jpg,34ba7460-0fde-36ad-a3fa-decdaf157aec
eea77c0d-37b6-384a-8cb8-f833de7eef00,2018-01-01T00:00:00Z,generator,USD,36.4,OF-BB-1003,http://cap-sample-media-optimistic-mouse-ad.cfapps.eu10.hana.ondemand.com/images/258194636.jpg,0,2018-01-01T00:00:00Z,generator,Recycling Bin,1,4dc882e3-984e-3be2-9720-7152585e764e,http://cap-sample-media-optimistic-mouse-ad.cfapps.eu10.hana.ondemand.com/images/thumb-258194636.jpg,378cc75e-70b2-365d-ac4d-e8ad34f3c02c
7b915d47-b6c0-3ab8-9811-b833574e2760,2018-01-01T00:00:00Z,generator,USD,6.4,MC-CH-1002,http://cap-sample-media-optimistic-mouse-ad.cfapps.eu10.hana.ondemand.com/images/180673544.jpg,0,2018-01-01T00:00:00Z,generator,Wooden Coat Hangers - Pack of 5,3.1,fc16c43d-bb4e-30db-8b7e-98b3fdc7f0b9,http://cap-sample-media-optimistic-mouse-ad.cfapps.eu10.hana.ondemand.com/images/thumb-180673544.jpg,37f028f0-1dd5-30ae-9cdd-a7f543e4d61d
eea77c0d-37b6-384a-8cb8-f833de7eef00,2018-01-01T00:00:00Z,generator,USD,132,OF-BB-1001,http://cap-sample-media-optimistic-mouse-ad.cfapps.eu10.hana.ondemand.com/images/154527827.jpg,0,2018-01-01T00:00:00Z,generator,Press Top Bin,2.8,378cc75e-70b2-365d-ac4d-e8ad34f3c02c,http://cap-sample-media-optimistic-mouse-ad.cfapps.eu10.hana.ondemand.com/images/thumb-154527827.jpg,382df557-a66e-3b38-915c-c47e3b0b69a4
b539eaf0-8cfc-3a4b-b937-4d063fad14f4,2018-01-01T00:00:00Z,generator,USD,0.42,WD-ERS-1002,http://cap-sample-media-optimistic-mouse-ad.cfapps.eu10.hana.ondemand.com/images/122351980.jpg,0,2018-01-01T00:00:00Z,generator,Plastic Ruler - Yellow - 15 cm/6 inch,2,6e409d81-b803-335a-b0a3-928bdd558adc,http://cap-sample-media-optimistic-mouse-ad.cfapps.eu10.hana.ondemand.com/images/thumb-122351980.jpg,3c826818-653e-3c79-bbb2-ece5f39d8cec
05b2fff9-0f2e-3167-98fd-ff415eb00c0c,2018-01-01T00:00:00Z,generator,USD,3.98,MP-WM-1001,http://cap-sample-media-optimistic-mouse-ad.cfapps.eu10.hana.ondemand.com/images/53578828.jpg,0,2018-01-01T00:00:00Z,generator,Dry-Wipe Marker Pen - Assorted - Pack of 4,2.4,d2600621-501b-3ab2-9231-d9a05e4a05a9,http://cap-sample-media-optimistic-mouse-ad.cfapps.eu10.hana.ondemand.com/images/thumb-53578828.jpg,4040fb7c-ac84-347f-9ab8-80517e58ce53
e56f4410-5c74-30f2-b2d7-c6e2ceb156a4,2018-01-01T00:00:00Z,generator,USD,6.7,WD-PC-1003,http://cap-sample-media-optimistic-mouse-ad.cfapps.eu10.hana.ondemand.com/images/19151176.jpg,0,2018-01-01T00:00:00Z,generator,Colour Pencils - Assorted - Pack of 12,3.4,d16c655a-b352-325c-9633-4a0310df716c,http://cap-sample-media-optimistic-mouse-ad.cfapps.eu10.hana.ondemand.com/images/thumb-19151176.jpg,405c6650-b1ee-3a18-9dec-f770189b0423
95d690fa-af21-3984-928f-8b85ed59e275,2018-01-01T00:00:00Z,generator,USD,19.99,EP-BB-1003,http://cap-sample-media-optimistic-mouse-ad.cfapps.eu10.hana.ondemand.com/images/174933494.jpg,0,2018-01-01T00:00:00Z,generator,Cardboard Mailing Tube,1.3,87b45be6-7494-3303-affb-79bcebc8f2cf,http://cap-sample-media-optimistic-mouse-ad.cfapps.eu10.hana.ondemand.com/images/thumb-174933494.jpg,41d96027-0311-34f2-a32a-efa5c7d1e360
718b94d3-96d5-37e8-b099-e76ccd25fa5c,2018-01-01T00:00:00Z,generator,USD,3.5,MC-B-1001,http://cap-sample-media-optimistic-mouse-ad.cfapps.eu10.hana.ondemand.com/images/33408856.jpg,0,2018-01-01T00:00:00Z,generator,AA Alkaline Batteries - Pack of 6,3,1c0d18ec-66ee-3022-8417-b8ddf8829186,http://cap-sample-media-optimistic-mouse-ad.cfapps.eu10.hana.ondemand.com/images/thumb-33408856.jpg,42879e5a-863f-33f3-8cdd-7427e31bb278
ae790495-d735-34b9-8e8e-8faf25b31edf,2018-01-01T00:00:00Z,generator,USD,2.8,PP-NB-1005,http://cap-sample-media-optimistic-mouse-ad.cfapps.eu10.hana.ondemand.com/images/3491711.jpg,1,2018-01-01T00:00:00Z,generator,Wirebound Notebook - Ruled - 80 Sheets,2.9,24d62ed3-5007-3f76-a631-4d1983f9efcd,http://cap-sample-media-optimistic-mouse-ad.cfapps.eu10.hana.ondemand.com/images/thumb-3491711.jpg,44a5e90d-530d-35e3-9a80-2c8b84dd0a1c
619b0673-7b65-3829-993b-261d5a96ba13,2018-01-01T00:00:00Z,generator,USD,0.69,WD-MP-1006,http://cap-sample-media-optimistic-mouse-ad.cfapps.eu10.hana.ondemand.com/images/91744523.jpg,1,2018-01-01T00:00:00Z,generator,Permanent Marker - Black,3.2,,http://cap-sample-media-optimistic-mouse-ad.cfapps.eu10.hana.ondemand.com/images/thumb-91744523.jpg,45519370-08f0-3f37-bcb2-292f3802fbd4
1e86ebdf-456f-3f43-8d48-0f8a12e8f346,2018-01-01T00:00:00Z,generator,USD,5.9,PP-CP-1016,http://cap-sample-media-optimistic-mouse-ad.cfapps.eu10.hana.ondemand.com/images/152550938.jpg,0,2018-01-01T00:00:00Z,generator,Printer Paper - Cream - 250 Sheets,2.7,48497cb2-3e62-3361-b587-876165058cf9,http://cap-sample-media-optimistic-mouse-ad.cfapps.eu10.hana.ondemand.com/images/thumb-152550938.jpg,46ca6be8-6071-3a2e-a75d-b3eb058f8326
8ee07143-c75a-3711-b003-4f12a105b707,2018-01-01T00:00:00Z,generator,USD,12.99,MC-CM-1001,http://cap-sample-media-optimistic-mouse-ad.cfapps.eu10.hana.ondemand.com/images/61101091.jpg,0,2018-01-01T00:00:00Z,generator,Coffee Mug,3.4,0e53e9d6-feff-39d9-8b6c-2cea5ebfe77b,http://cap-sample-media-optimistic-mouse-ad.cfapps.eu10.hana.ondemand.com/images/thumb-61101091.jpg,46ded836-4d11-321c-9f1b-e40713f6d9fa
e56f4410-5c74-30f2-b2d7-c6e2ceb156a4,2018-01-01T00:00:00Z,generator,USD,0.89,WD-PC-1002,http://cap-sample-media-optimistic-mouse-ad.cfapps.eu10.hana.ondemand.com/images/71098843.jpg,1,2018-01-01T00:00:00Z,generator,Lead Pencil,4.2,,http://cap-sample-media-optimistic-mouse-ad.cfapps.eu10.hana.ondemand.com/images/thumb-71098843.jpg,47a43c36-dfdc-3bcf-808c-3acb3d8bef00
1e86ebdf-456f-3f43-8d48-0f8a12e8f346,2018-01-01T00:00:00Z,generator,USD,5.9,PP-CP-1015,http://cap-sample-media-optimistic-mouse-ad.cfapps.eu10.hana.ondemand.com/images/152550938.jpg,0,2018-01-01T00:00:00Z,generator,Printer Paper - Salmon - 250 Sheets,2.7,46ca6be8-6071-3a2e-a75d-b3eb058f8326,http://cap-sample-media-optimistic-mouse-ad.cfapps.eu10.hana.ondemand.com/images/thumb-152550938.jpg,48497cb2-3e62-3361-b587-876165058cf9
f1aacc97-0aaf-335e-a657-b6c3e214a078,2018-01-01T00:00:00Z,generator,USD,53.15,MC-M-1003,http://cap-sample-media-optimistic-mouse-ad.cfapps.eu10.hana.ondemand.com/images/90507979.jpg,0,2018-01-01T00:00:00Z,generator,Yearly Business Project Planner,4.6,1d3ab719-3844-3ab6-aeb3-b07b81ecaec0,http://cap-sample-media-optimistic-mouse-ad.cfapps.eu10.hana.ondemand.com/images/thumb-90507979.jpg,4b055841-f594-3aaa-b93e-fc86a014f8f4
d9399ebd-a8f7-3f57-9641-41cd498bb22e,2018-01-01T00:00:00Z,generator,USD,21.7,OF-PW-1002,http://cap-sample-media-optimistic-mouse-ad.cfapps.eu10.hana.ondemand.com/images/69985432.jpg,0,2018-01-01T00:00:00Z,generator,Office Plant,3.7,e745dd4b-2279-359d-a1bb-23eae343db66,http://cap-sample-media-optimistic-mouse-ad.cfapps.eu10.hana.ondemand.com/images/thumb-69985432.jpg,4bb50004-17c2-3def-884f-b015eea3671f
b539eaf0-8cfc-3a4b-b937-4d063fad14f4,2018-01-01T00:00:00Z,generator,USD,1.6,WD-ERS-1009,http://cap-sample-media-optimistic-mouse-ad.cfapps.eu10.hana.ondemand.com/images/468508265.jpg,0,2018-01-01T00:00:00Z,generator,Plastic Eraser,1.7,2f9be373-968c-3e4d-ae80-e5a0abda3984,http://cap-sample-media-optimistic-mouse-ad.cfapps.eu10.hana.ondemand.com/images/thumb-468508265.jpg,4cc5646f-67dc-3ae6-8781-5841714a39ac
2b5c0a35-c5fa-3370-ade3-2afc02a5a038,2018-01-01T00:00:00Z,generator,USD,25.5,EP-E-1005,http://cap-sample-media-optimistic-mouse-ad.cfapps.eu10.hana.ondemand.com/images/45667945.jpg,0,2018-01-01T00:00:00Z,generator,Padded Envelopes - Box of 50,2.9,54c7a034-2269-3cc0-a08c-e152fb321c1d,http://cap-sample-media-optimistic-mouse-ad.cfapps.eu10.hana.ondemand.com/images/thumb-45667945.jpg,4d702372-990c-337d-ab2e-afcf7b895b6c
e17c04b6-f9fb-38eb-8f2c-1653850759a3,2018-01-01T00:00:00Z,generator,USD,1.78,DE-SK-1001,http://cap-sample-media-optimistic-mouse-ad.cfapps.eu10.hana.ondemand.com/images/50001070.jpg,1,2018-01-01T00:00:00Z,generator,School Scissors - 130mm,4.3,,http://cap-sample-media-optimistic-mouse-ad.cfapps.eu10.hana.ondemand.com/images/thumb-50001070.jpg,4dc054d5-5e2d-3c50-8d1b-682f17548cf7
eea77c0d-37b6-384a-8cb8-f833de7eef00,2018-01-01T00:00:00Z,generator,USD,26.5,OF-BB-1000,http://cap-sample-media-optimistic-mouse-ad.cfapps.eu10.hana.ondemand.com/images/87814756.jpg,0,2018-01-01T00:00:00Z,generator,Waste Paper Basket,3.1,62d991f3-f71c-38a5-b4b5-cc2891a9dd3f,http://cap-sample-media-optimistic-mouse-ad.cfapps.eu10.hana.ondemand.com/images/thumb-87814756.jpg,4dc882e3-984e-3be2-9720-7152585e764e
c7e823a1-9319-3fd4-88fe-68c9a7c6cfb8,2018-01-01T00:00:00Z,generator,USD,32.55,WD-BP-1002,http://cap-sample-media-optimistic-mouse-ad.cfapps.eu10.hana.ondemand.com/images/132289892.jpg,0,2018-01-01T00:00:00Z,generator,Retractable Ballpoint Pen - Pack of 12,4.1,a19a313e-b6fd-3e88-a192-0a1bd5ba0453,http://cap-sample-media-optimistic-mouse-ad.cfapps.eu10.hana.ondemand.com/images/thumb-132289892.jpg,50a0eda2-9303-3901-a47a-62805ec66878
73807265-ba13-3271-9b00-d81ae63610aa,2018-01-01T00:00:00Z,generator,USD,125,OF-ST-1005,http://cap-sample-media-optimistic-mouse-ad.cfapps.eu10.hana.ondemand.com/images/71703919.jpg,0,2018-01-01T00:00:00Z,generator,Filing Cabinet - 3 drawers,4.2,17d338c7-697c-3cdf-8953-c6f973c9b8bb,http://cap-sample-media-optimistic-mouse-ad.cfapps.eu10.hana.ondemand.com/images/thumb-71703919.jpg,51b4901c-0eae-3c46-b148-3d266aecaa05
f1aacc97-0aaf-335e-a657-b6c3e214a078,2018-01-01T00:00:00Z,generator,USD,4.8,MC-M-1000,http://cap-sample-media-optimistic-mouse-ad.cfapps.eu10.hana.ondemand.com/images/56842663.jpg,1,2018-01-01T00:00:00Z,generator,Desktop Calendar,3.1,7529d554-8b7e-3d06-8cb8-8acf20154a27,http://cap-sample-media-optimistic-mouse-ad.cfapps.eu10.hana.ondemand.com/images/thumb-56842663.jpg,51f74531-d2ab-397f-ba77-310e9791da79
4c9a6118-fe4f-30f6-8cd5-c66051198341,2018-01-01T00:00:00Z,generator,USD,28.99,MP-M-1003,http://cap-sample-media-optimistic-mouse-ad.cfapps.eu10.hana.ondemand.com/images/85443133.jpg,0,2018-01-01T00:00:00Z,generator,Delegate Card - Pack of 50,3,a5941b81-5a6c-3ad0-81bf-06d50851ea8a,http://cap-sample-media-optimistic-mouse-ad.cfapps.eu10.hana.ondemand.com/images/thumb-85443133.jpg,53a96f20-71e0-3122-9820-fed4658aaa3d
2b5c0a35-c5fa-3370-ade3-2afc02a5a038,2018-01-01T00:00:00Z,generator,USD,16.33,EP-E-1003,http://cap-sample-media-optimistic-mouse-ad.cfapps.eu10.hana.ondemand.com/images/64623880.jpg,0,2018-01-01T00:00:00Z,generator,Manila Pocket Envelopes - Box of 250,,f0a185ea-b872-3c44-85c6-85d5c24c284c,http://cap-sample-media-optimistic-mouse-ad.cfapps.eu10.hana.ondemand.com/images/thumb-64623880.jpg,54c7a034-2269-3cc0-a08c-e152fb321c1d
73807265-ba13-3271-9b00-d81ae63610aa,2018-01-01T00:00:00Z,generator,USD,145,OF-ST-1002,http://cap-sample-media-optimistic-mouse-ad.cfapps.eu10.hana.ondemand.com/images/72658678.jpg,0,2018-01-01T00:00:00Z,generator,Filing Cabinet - 4 drawers,3.2,1bf74aa7-0177-39f0-94ba-db2afca08c1f,http://cap-sample-media-optimistic-mouse-ad.cfapps.eu10.hana.ondemand.com/images/thumb-72658678.jpg,57b27a19-2f73-3d12-af5e-106d54656791
e17c04b6-f9fb-38eb-8f2c-1653850759a3,2018-01-01T00:00:00Z,generator,USD,7.2,DE-SK-1003,http://cap-sample-media-optimistic-mouse-ad.cfapps.eu10.hana.ondemand.com/images/74357629.jpg,0,2018-01-01T00:00:00Z,generator,Cutter Knives - Set of 3 - Assorted,3.7,94a45f55-bf51-3a49-b733-2b8f332bace2,http://cap-sample-media-optimistic-mouse-ad.cfapps.eu10.hana.ondemand.com/images/thumb-74357629.jpg,593ba4b9-c302-3c62-805d-f730c4e16c5f
2b5c0a35-c5fa-3370-ade3-2afc02a5a038,2018-01-01T00:00:00Z,generator,USD,29.9,EP-E-1004,http://cap-sample-media-optimistic-mouse-ad.cfapps.eu10.hana.ondemand.com/images/683935684.jpg,0,2018-01-01T00:00:00Z,generator,Bubble-lined Envelopes - Box of 100,1.5,4d702372-990c-337d-ab2e-afcf7b895b6c,http://cap-sample-media-optimistic-mouse-ad.cfapps.eu10.hana.ondemand.com/images/thumb-683935684.jpg,5946c095-3964-3b1f-8633-616b3ff28c0a
20e49be1-99f5-30b8-b566-43beeccb618b,2018-01-01T00:00:00Z,generator,USD,2.85,AR-FB-1010,http://cap-sample-media-optimistic-mouse-ad.cfapps.eu10.hana.ondemand.com/images/6090541.jpg,1,2018-01-01T00:00:00Z,generator,Elasticated Folder Without Flap - Red,2.8,96768966-4b5b-3ff7-901f-fa79a04dce10,http://cap-sample-media-optimistic-mouse-ad.cfapps.eu10.hana.ondemand.com/images/thumb-6090541.jpg,5c2b6bd1-5335-38f3-a1d5-5bc8ab68fc15
ae790495-d735-34b9-8e8e-8faf25b31edf,2018-01-01T00:00:00Z,generator,USD,2.59,PP-NB-1000,http://cap-sample-media-optimistic-mouse-ad.cfapps.eu10.hana.ondemand.com/images/28516651.jpg,1,2018-01-01T00:00:00Z,generator,Notepaper - White - 500 Sheets,3.5,,http://cap-sample-media-optimistic-mouse-ad.cfapps.eu10.hana.ondemand.com/images/thumb-28516651.jpg,5e775401-d3d1-3c63-b9cd-edb5efd2a3bb
e56f4410-5c74-30f2-b2d7-c6e2ceb156a4,2018-01-01T00:00:00Z,generator,USD,1.8,WD-PC-1001,http://cap-sample-media-optimistic-mouse-ad.cfapps.eu10.hana.ondemand.com/images/71098843.jpg,0,2018-01-01T00:00:00Z,generator,Lead Pencils - Pack of 6,2.6,47a43c36-dfdc-3bcf-808c-3acb3d8bef00,http://cap-sample-media-optimistic-mouse-ad.cfapps.eu10.hana.ondemand.com/images/thumb-71098843.jpg,602312ed-26d6-33dc-a854-737241872d70
1e86ebdf-456f-3f43-8d48-0f8a12e8f346,2018-01-01T00:00:00Z,generator,USD,5.9,PP-CP-1012,http://cap-sample-media-optimistic-mouse-ad.cfapps.eu10.hana.ondemand.com/images/152550938.jpg,0,2018-01-01T00:00:00Z,generator,Printer Paper - Dark Red - 250 Sheets,4.1,46ca6be8-6071-3a2e-a75d-b3eb058f8326,http://cap-sample-media-optimistic-mouse-ad.cfapps.eu10.hana.ondemand.com/images/thumb-152550938.jpg,60cf8650-2a88-3ae4-9bea-46b4ad072a63
eea77c0d-37b6-384a-8cb8-f833de7eef00,2018-01-01T00:00:00Z,generator,USD,9.99,OF-BB-1002,http://cap-sample-media-optimistic-mouse-ad.cfapps.eu10.hana.ondemand.com/images/91864133.jpg,1,2018-01-01T00:00:00Z,generator,Circular Mesh Waste Bin 15 litre capacity __ Silver,2.6,,http://cap-sample-media-optimistic-mouse-ad.cfapps.eu10.hana.ondemand.com/images/thumb-91864133.jpg,62d991f3-f71c-38a5-b4b5-cc2891a9dd3f
e17c04b6-f9fb-38eb-8f2c-1653850759a3,2018-01-01T00:00:00Z,generator,USD,2.6,DE-SK-1002,http://cap-sample-media-optimistic-mouse-ad.cfapps.eu10.hana.ondemand.com/images/61477369.jpg,0,2018-01-01T00:00:00Z,generator,Cutter Knife,4,4dc054d5-5e2d-3c50-8d1b-682f17548cf7,http://cap-sample-media-optimistic-mouse-ad.cfapps.eu10.hana.ondemand.com/images/thumb-61477369.jpg,6360805b-bd8f-30b1-a77a-f09197e43820
ae790495-d735-34b9-8e8e-8faf25b31edf,2018-01-01T00:00:00Z,generator,USD,5.2,PP-NB-1009,http://cap-sample-media-optimistic-mouse-ad.cfapps.eu10.hana.ondemand.com/images/55685479.jpg,0,2018-01-01T00:00:00Z,generator,Notebook - Blue,1.5,11e6ffaa-d8e6-3b74-a35f-c833613bc1da,http://cap-sample-media-optimistic-mouse-ad.cfapps.eu10.hana.ondemand.com/images/thumb-55685479.jpg,646ba021-5993-3b18-9970-6bceac124c70
7b915d47-b6c0-3ab8-9811-b833574e2760,2018-01-01T00:00:00Z,generator,USD,2.6,MC-CH-1000,http://cap-sample-media-optimistic-mouse-ad.cfapps.eu10.hana.ondemand.com/images/260517668.jpg,1,2018-01-01T00:00:00Z,generator,Coat Hangers,2.8,,http://cap-sample-media-optimistic-mouse-ad.cfapps.eu10.hana.ondemand.com/images/thumb-260517668.jpg,64d40922-ea0d-30f9-9b83-eb4448ee4c2e
c7e823a1-9319-3fd4-88fe-68c9a7c6cfb8,2018-01-01T00:00:00Z,generator,USD,5.6,WD-BP-1001,http://cap-sample-media-optimistic-mouse-ad.cfapps.eu10.hana.ondemand.com/images/169395530.jpg,0,2018-01-01T00:00:00Z,generator,Gold Ballpoint Pen with Chrome Trim,4.6,e96e6eeb-1a0f-320e-9484-dd144236725e,http://cap-sample-media-optimistic-mouse-ad.cfapps.eu10.hana.ondemand.com/images/thumb-169395530.jpg,68d1a9e0-0d96-3285-8443-c17a8e528c3b
05b2fff9-0f2e-3167-98fd-ff415eb00c0c,2018-01-01T00:00:00Z,generator,USD,1.95,MP-WM-1002,http://cap-sample-media-optimistic-mouse-ad.cfapps.eu10.hana.ondemand.com/images/125588834.jpg,0,2018-01-01T00:00:00Z,generator,Marker Pen - Red,3.6,d2600621-501b-3ab2-9231-d9a05e4a05a9,http://cap-sample-media-optimistic-mouse-ad.cfapps.eu10.hana.ondemand.com/images/thumb-125588834.jpg,69997847-fad4-36ad-a62a-bd7507cbbda7
ae790495-d735-34b9-8e8e-8faf25b31edf,2018-01-01T00:00:00Z,generator,USD,17.2,PP-NB-1013,http://cap-sample-media-optimistic-mouse-ad.cfapps.eu10.hana.ondemand.com/images/190745555.jpg,0,2018-01-01T00:00:00Z,generator,Leather Journal,2.4,34ba7460-0fde-36ad-a3fa-decdaf157aec,http://cap-sample-media-optimistic-mouse-ad.cfapps.eu10.hana.ondemand.com/images/thumb-190745555.jpg,6a8c7b8f-e711-38e0-8285-12820845986c
53e11baf-2b71-3637-9289-5cfe63721b48,2018-01-01T00:00:00Z,generator,USD,4.95,MC-CA-1002,http://cap-sample-media-optimistic-mouse-ad.cfapps.eu10.hana.ondemand.com/images/446305030.jpg,0,2018-01-01T00:00:00Z,generator,All-Purpose Cloth - Pack of 50,1.1,c5417761-be84-3fa3-bf98-59df1ba13e19,http://cap-sample-media-optimistic-mouse-ad.cfapps.eu10.hana.ondemand.com/images/thumb-446305030.jpg,6b41fd73-39e2-3451-b455-5c82c4b17fac
d9399ebd-a8f7-3f57-9641-41cd498bb22e,2018-01-01T00:00:00Z,generator,USD,14.9,OF-PW-1001,http://cap-sample-media-optimistic-mouse-ad.cfapps.eu10.hana.ondemand.com/images/660629815.jpg,0,2018-01-01T00:00:00Z,generator,Office Plant,3.2,0026fe60-a5a7-3f07-9851-deff001c741e,http://cap-sample-media-optimistic-mouse-ad.cfapps.eu10.hana.ondemand.com/images/thumb-660629815.jpg,6cc2eeb6-2ce4-378a-b4aa-d7f99d13bd44
619b0673-7b65-3829-993b-261d5a96ba13,2018-01-01T00:00:00Z,generator,USD,1.89,WD-MP-1002,http://cap-sample-media-optimistic-mouse-ad.cfapps.eu10.hana.ondemand.com/images/224972020.jpg,0,2018-01-01T00:00:00Z,generator,Marker Pens - Orange,3.9,78388760-d4cf-3af0-a050-66dfed9feb12,http://cap-sample-media-optimistic-mouse-ad.cfapps.eu10.hana.ondemand.com/images/thumb-224972020.jpg,6d239108-fd00-3b45-816a-ea0e65c54977
2b5c0a35-c5fa-3370-ade3-2afc02a5a038,2018-01-01T00:00:00Z,generator,USD,56,EP-E-1002,http://cap-sample-media-optimistic-mouse-ad.cfapps.eu10.hana.ondemand.com/images/608377073.jpg,0,2018-01-01T00:00:00Z,generator,Office Envelopes,,5946c095-3964-3b1f-8633-616b3ff28c0a,http://cap-sample-media-optimistic-mouse-ad.cfapps.eu10.hana.ondemand.com/images/thumb-608377073.jpg,6d428405-46f3-3402-96fa-e30a02023644
619b0673-7b65-3829-993b-261d5a96ba13,2018-01-01T00:00:00Z,generator,USD,3.55,WD-MP-1004,http://cap-sample-media-optimistic-mouse-ad.cfapps.eu10.hana.ondemand.com/images/225948061.jpg,0,2018-01-01T00:00:00Z,generator,Marker Pen - Assorted,3.3,78388760-d4cf-3af0-a050-66dfed9feb12,http://cap-sample-media-optimistic-mouse-ad.cfapps.eu10.hana.ondemand.com/images/thumb-225948061.jpg,6d94b33c-dfac-3974-8d37-4febfd5465c1
1e86ebdf-456f-3f43-8d48-0f8a12e8f346,2018-01-01T00:00:00Z,generator,USD,5.9,PP-CP-1005,http://cap-sample-media-optimistic-mouse-ad.cfapps.eu10.hana.ondemand.com/images/152550938.jpg,1,2018-01-01T00:00:00Z,generator,Printer Paper - Intense Green - 250 Sheets,3.6,46ca6be8-6071-3a2e-a75d-b3eb058f8326,http://cap-sample-media-optimistic-mouse-ad.cfapps.eu10.hana.ondemand.com/images/thumb-152550938.jpg,6df8121d-038e-38f7-bc7b-90feb04231f4
b539eaf0-8cfc-3a4b-b937-4d063fad14f4,2018-01-01T00:00:00Z,generator,USD,0.42,WD-ERS-1001,http://cap-sample-media-optimistic-mouse-ad.cfapps.eu10.hana.ondemand.com/images/122351977.jpg,0,2018-01-01T00:00:00Z,generator,Plastic Ruler - Green - 15 cm/6 inch,2.2,3c826818-653e-3c79-bbb2-ece5f39d8cec,http://cap-sample-media-optimistic-mouse-ad.cfapps.eu10.hana.ondemand.com/images/thumb-122351977.jpg,6e409d81-b803-335a-b0a3-928bdd558adc
20e49be1-99f5-30b8-b566-43beeccb618b,2018-01-01T00:00:00Z,generator,USD,4.25,AR-FB-1004,http://cap-sample-media-optimistic-mouse-ad.cfapps.eu10.hana.ondemand.com/images/101093104.jpg,0,2018-01-01T00:00:00Z,generator,Lever Arch File - Yellow,2.8,201ae105-b3cb-3b71-b4c5-5816db4450d3,http://cap-sample-media-optimistic-mouse-ad.cfapps.eu10.hana.ondemand.com/images/thumb-101093104.jpg,6eaf313c-8c07-3a55-872f-acf0bf61cdd0
b934dcfb-008e-3c82-806c-7261b9685e33,2018-01-01T00:00:00Z,generator,USD,0.9,DE-GS-1003,http://cap-sample-media-optimistic-mouse-ad.cfapps.eu10.hana.ondemand.com/images/13816663.jpg,1,2018-01-01T00:00:00Z,generator,Portable Tape Dispenser,1.9,260bd981-2a05-3319-801b-36ede6fb3aa6,http://cap-sample-media-optimistic-mouse-ad.cfapps.eu10.hana.ondemand.com/images/thumb-13816663.jpg,6f74b564-61b4-34d3-9433-45fa8e434550
ae790495-d735-34b9-8e8e-8faf25b31edf,2018-01-01T00:00:00Z,generator,USD,4.2,PP-NB-1003,http://cap-sample-media-optimistic-mouse-ad.cfapps.eu10.hana.ondemand.com/images/24634312.jpg,0,2018-01-01T00:00:00Z,generator,Coloured Notepaper in Cube - Assorted - 750 Sheets,4.1,10c069ec-0288-309b-b998-e6548b908b2f,http://cap-sample-media-optimistic-mouse-ad.cfapps.eu10.hana.ondemand.com/images/thumb-24634312.jpg,6fbf2ab0-5793-3272-8655-929759fb4872
ae790495-d735-34b9-8e8e-8faf25b31edf,2018-01-01T00:00:00Z,generator,USD,7.99,PP-NB-1011,http://cap-sample-media-optimistic-mouse-ad.cfapps.eu10.hana.ondemand.com/images/516195142.jpg,0,2018-01-01T00:00:00Z,generator,Casebound Notebook,3.4,34ba7460-0fde-36ad-a3fa-decdaf157aec,http://cap-sample-media-optimistic-mouse-ad.cfapps.eu10.hana.ondemand.com/images/thumb-516195142.jpg,707048f2-8747-3b68-b6ee-32613184e4a7
b539eaf0-8cfc-3a4b-b937-4d063fad14f4,2018-01-01T00:00:00Z,generator,USD,0.23,WD-ERS-1007,http://cap-sample-media-optimistic-mouse-ad.cfapps.eu10.hana.ondemand.com/images/342669809.jpg,1,2018-01-01T00:00:00Z,generator,Natural Rubber Combined Eraser,2.7,,http://cap-sample-media-optimistic-mouse-ad.cfapps.eu10.hana.ondemand.com/images/thumb-342669809.jpg,71d9b804-4f41-3b1d-8e36-8b1369c92dc1
3114946a-4f46-3abb-a3c5-d9cb02b3ae7b,2018-01-01T00:00:00Z,generator,USD,3.89,AR-T-1001,http://cap-sample-media-optimistic-mouse-ad.cfapps.eu10.hana.ondemand.com/images/93722356.jpg,0,2018-01-01T00:00:00Z,generator,Paper Tray - Blue,2.9,bafb1952-8c02-3f77-972a-5d5258a98e58,http://cap-sample-media-optimistic-mouse-ad.cfapps.eu10.hana.ondemand.com/images/thumb-93722356.jpg,727754ea-c2b5-301c-9d8b-b190483a3413
b47c3219-b9b9-348e-a40c-8f774d99afa8,2018-01-01T00:00:00Z,generator,USD,2.5,PP-WP-1003,http://cap-sample-media-optimistic-mouse-ad.cfapps.eu10.hana.ondemand.com/images/95799757.jpg,0,2018-01-01T00:00:00Z,generator,Memo Pad - Squared,1,122952e5-bf62-33ec-aece-f9aa7d2b3132,http://cap-sample-media-optimistic-mouse-ad.cfapps.eu10.hana.ondemand.com/images/thumb-95799757.jpg,74ddf015-3ac2-3b2d-a382-e9fd798a077a
f1aacc97-0aaf-335e-a657-b6c3e214a078,2018-01-01T00:00:00Z,generator,USD,4.8,MC-M-1001,http://cap-sample-media-optimistic-mouse-ad.cfapps.eu10.hana.ondemand.com/images/61634335.jpg,0,2018-01-01T00:00:00Z,generator,Desktop Calendar,,51f74531-d2ab-397f-ba77-310e9791da79,http://cap-sample-media-optimistic-mouse-ad.cfapps.eu10.hana.ondemand.com/images/thumb-61634335.jpg,7529d554-8b7e-3d06-8cb8-8acf20154a27
20e49be1-99f5-30b8-b566-43beeccb618b,2018-01-01T00:00:00Z,generator,USD,6.5,AR-FB-1008,http://cap-sample-media-optimistic-mouse-ad.cfapps.eu10.hana.ondemand.com/images/138338819.jpg,0,2018-01-01T00:00:00Z,generator,Clear View Folder - Assorted - Pack of 10,2.7,bc7a11db-dfbc-3c54-b7fb-87184a4ecf40,http://cap-sample-media-optimistic-mouse-ad.cfapps.eu10.hana.ondemand.com/images/thumb-138338819.jpg,76fe923b-1fec-3576-9f10-67a5cec92d3d
619b0673-7b65-3829-993b-261d5a96ba13,2018-01-01T00:00:00Z,generator,USD,1.89,WD-MP-1003,http://cap-sample-media-optimistic-mouse-ad.cfapps.eu10.hana.ondemand.com/images/227395396.jpg,0,2018-01-01T00:00:00Z,generator,Marker Pen - Green,3.4,6d239108-fd00-3b45-816a-ea0e65c54977,http://cap-sample-media-optimistic-mouse-ad.cfapps.eu10.hana.ondemand.com/images/thumb-227395396.jpg,78388760-d4cf-3af0-a050-66dfed9feb12
20e49be1-99f5-30b8-b566-43beeccb618b,2018-01-01T00:00:00Z,generator,USD,6.9,AR-FB-1013,http://cap-sample-media-optimistic-mouse-ad.cfapps.eu10.hana.ondemand.com/images/135945938.jpg,0,2018-01-01T00:00:00Z,generator,13-Pocket Expanding File - Blue,3.3,76fe923b-1fec-3576-9f10-67a5cec92d3d,http://cap-sample-media-optimistic-mouse-ad.cfapps.eu10.hana.ondemand.com/images/thumb-135945938.jpg,7be6d296-9e7a-3505-b72e-4c7b98783578
b934dcfb-008e-3c82-806c-7261b9685e33,2018-01-01T00:00:00Z,generator,USD,3.2,DE-GS-1004,http://cap-sample-media-optimistic-mouse-ad.cfapps.eu10.hana.ondemand.com/images/42287686.jpg,0,2018-01-01T00:00:00Z,generator,Portable Tape Dispenser - assorted - Pack of 4,3.1,d679a84b-ee58-3c3b-a7d8-99e06fbeff1a,http://cap-sample-media-optimistic-mouse-ad.cfapps.eu10.hana.ondemand.com/images/thumb-42287686.jpg,7efe4ec7-cdac-3267-9cf8-0a027ab5fa9b
1e86ebdf-456f-3f43-8d48-0f8a12e8f346,2018-01-01T00:00:00Z,generator,USD,6.2,PP-CP-1001,http://cap-sample-media-optimistic-mouse-ad.cfapps.eu10.hana.ondemand.com/images/19786057.jpg,0,2018-01-01T00:00:00Z,generator,Premium Printer Paper - White - 500 Sheet,2.2,46ca6be8-6071-3a2e-a75d-b3eb058f8326,http://cap-sample-media-optimistic-mouse-ad.cfapps.eu10.hana.ondemand.com/images/thumb-19786057.jpg,7f5646ea-0df2-3799-b6d1-7f1ed6a9a30e
7f92197d-088b-366f-8cba-da9297ba2375,2018-01-01T00:00:00Z,generator,USD,34.95,OF-DL-1002,http://cap-sample-media-optimistic-mouse-ad.cfapps.eu10.hana.ondemand.com/images/77366122.jpg,0,2018-01-01T00:00:00Z,generator,Table Lamp,2.9,b878819c-4dc4-328f-8f53-aba0e35588de,http://cap-sample-media-optimistic-mouse-ad.cfapps.eu10.hana.ondemand.com/images/thumb-77366122.jpg,7f8b9ab6-a026-3036-a8a3-2bf19716cf4e